asset_id,coarse_label,accident_candidate_score,accident_candidate_iou,object_pair
aihub_train_00000536,차대보행자,,,
aihub_train_00002474,차대이륜차,,,
aihub_train_00003441,차대자전거,,,
aihub_train_00015056,차대차,,,
aihub_train_00000536,차대보행자,,,
aihub_train_00002474,차대이륜차,,,
aihub_train_00003441,차대자전거,,,
aihub_train_00015056,차대차,,,
aihub_train_00000536,차대보행자,,,
aihub_train_00002474,차대이륜차,,,
aihub_train_00003441,차대자전거,,,
aihub_train_00015056,차대차,,,
aihub_train_00000536,차대보행자,,,
aihub_train_00000181,차대보행자,,,
aihub_train_00000043,차대보행자,,,
aihub_train_00000065,차대보행자,,,
aihub_train_00000252,차대보행자,,,
aihub_train_00000138,차대보행자,,,
aihub_train_00000396,차대보행자,,,
aihub_train_00000089,차대보행자,,,
aihub_train_00000533,차대보행자,,,
aihub_train_00000313,차대보행자,,,
aihub_train_00000676,차대보행자,,,
aihub_train_00000354,차대보행자,,,
aihub_train_00000194,차대보행자,,,
aihub_train_00000093,차대보행자,,,
aihub_train_00000620,차대보행자,,,
aihub_train_00000106,차대보행자,,,
aihub_train_00000248,차대보행자,,,
aihub_train_00000516,차대보행자,,,
aihub_train_00000477,차대보행자,,,
aihub_train_00000037,차대보행자,,,
aihub_train_00000461,차대보행자,,,
aihub_train_00000600,차대보행자,,,
aihub_train_00000609,차대보행자,,,
aihub_train_00000336,차대보행자,,,
aihub_train_00000632,차대보행자,,,
aihub_train_00000328,차대보행자,,,
aihub_train_00000431,차대보행자,,,
aihub_train_00000699,차대보행자,,,
aihub_train_00000562,차대보행자,,,
aihub_train_00000698,차대보행자,,,
aihub_train_00000441,차대보행자,,,
aihub_train_00000014,차대보행자,,,
aihub_train_00000564,차대보행자,,,
aihub_train_00000585,차대보행자,,,
aihub_train_00000009,차대보행자,,,
aihub_train_00000590,차대보행자,,,
aihub_train_00000010,차대보행자,,,
aihub_train_00000392,차대보행자,,,
aihub_train_00000172,차대보행자,,,
aihub_train_00000016,차대보행자,,,
aihub_train_00000079,차대보행자,,,
aihub_train_00000757,차대보행자,,,
aihub_train_00000243,차대보행자,,,
aihub_train_00000560,차대보행자,,,
aihub_train_00000151,차대보행자,,,
aihub_train_00000526,차대보행자,,,
aihub_train_00000456,차대보행자,,,
aihub_train_00000653,차대보행자,,,
aihub_train_00000636,차대보행자,,,
aihub_train_00000362,차대보행자,,,
aihub_train_00000269,차대보행자,,,
aihub_train_00000492,차대보행자,,,
aihub_train_00000006,차대보행자,,,
aihub_train_00000649,차대보행자,,,
aihub_train_00000351,차대보행자,,,
aihub_train_00000423,차대보행자,,,
aihub_train_00000743,차대보행자,,,
aihub_train_00000293,차대보행자,,,
aihub_train_00000419,차대보행자,,,
aihub_train_00000025,차대보행자,,,
aihub_train_00000641,차대보행자,,,
aihub_train_00000478,차대보행자,,,
aihub_train_00000627,차대보행자,,,
aihub_train_00000711,차대보행자,,,
aihub_train_00000059,차대보행자,,,
aihub_train_00000178,차대보행자,,,
aihub_train_00000502,차대보행자,,,
aihub_train_00000263,차대보행자,,,
aihub_train_00000034,차대보행자,,,
aihub_train_00000199,차대보행자,,,
aihub_train_00000515,차대보행자,,,
aihub_train_00000321,차대보행자,,,
aihub_train_00000018,차대보행자,,,
aihub_train_00000410,차대보행자,,,
aihub_train_00000011,차대보행자,,,
aihub_train_00000139,차대보행자,,,
aihub_train_00000213,차대보행자,,,
aihub_train_00000578,차대보행자,,,
aihub_train_00000201,차대보행자,,,
aihub_train_00000570,차대보행자,,,
aihub_train_00000102,차대보행자,,,
aihub_train_00000532,차대보행자,,,
aihub_train_00000266,차대보행자,,,
aihub_train_00000399,차대보행자,,,
aihub_train_00000237,차대보행자,,,
aihub_train_00000408,차대보행자,,,
aihub_train_00000087,차대보행자,,,
aihub_train_00000376,차대보행자,,,
aihub_train_00000216,차대보행자,,,
aihub_train_00000753,차대보행자,,,
aihub_train_00000626,차대보행자,,,
aihub_train_00000738,차대보행자,,,
aihub_train_00000759,차대보행자,,,
aihub_train_00000686,차대보행자,,,
aihub_train_00000684,차대보행자,,,
aihub_train_00000608,차대보행자,,,
aihub_train_00000029,차대보행자,,,
aihub_train_00000662,차대보행자,,,
aihub_train_00000185,차대보행자,,,
aihub_train_00000736,차대보행자,,,
aihub_train_00000450,차대보행자,,,
aihub_train_00000382,차대보행자,,,
aihub_train_00000444,차대보행자,,,
aihub_train_00000557,차대보행자,,,
aihub_train_00000537,차대보행자,,,
aihub_train_00000165,차대보행자,,,
aihub_train_00000175,차대보행자,,,
aihub_train_00000438,차대보행자,,,
aihub_train_00000482,차대보행자,,,
aihub_train_00000635,차대보행자,,,
aihub_train_00000545,차대보행자,,,
aihub_train_00000637,차대보행자,,,
aihub_train_00000531,차대보행자,,,
aihub_train_00000242,차대보행자,,,
aihub_train_00000003,차대보행자,,,
aihub_train_00000751,차대보행자,,,
aihub_train_00000075,차대보행자,,,
aihub_train_00000230,차대보행자,,,
aihub_train_00000458,차대보행자,,,
aihub_train_00000360,차대보행자,,,
aihub_train_00000341,차대보행자,,,
aihub_train_00000393,차대보행자,,,
aihub_train_00000534,차대보행자,,,
aihub_train_00000507,차대보행자,,,
aihub_train_00000483,차대보행자,,,
aihub_train_00000727,차대보행자,,,
aihub_train_00000723,차대보행자,,,
aihub_train_00000491,차대보행자,,,
aihub_train_00000370,차대보행자,,,
aihub_train_00000459,차대보행자,,,
aihub_train_00000017,차대보행자,,,
aihub_train_00000222,차대보행자,,,
aihub_train_00000040,차대보행자,,,
aihub_train_00000186,차대보행자,,,
aihub_train_00000654,차대보행자,,,
aihub_train_00000721,차대보행자,,,
aihub_train_00000265,차대보행자,,,
aihub_train_00000596,차대보행자,,,
aihub_train_00000191,차대보행자,,,
aihub_train_00000208,차대보행자,,,
aihub_train_00000647,차대보행자,,,
aihub_train_00000291,차대보행자,,,
aihub_train_00000696,차대보행자,,,
aihub_train_00000476,차대보행자,,,
aihub_train_00000703,차대보행자,,,
aihub_train_00000150,차대보행자,,,
aihub_train_00000445,차대보행자,,,
aihub_train_00000125,차대보행자,,,
aihub_train_00000517,차대보행자,,,
aihub_train_00000583,차대보행자,,,
aihub_train_00000591,차대보행자,,,
aihub_train_00000355,차대보행자,,,
aihub_train_00000116,차대보행자,,,
aihub_train_00000687,차대보행자,,,
aihub_train_00000041,차대보행자,,,
aihub_train_00000615,차대보행자,,,
aihub_train_00000238,차대보행자,,,
aihub_train_00000405,차대보행자,,,
aihub_train_00000130,차대보행자,,,
aihub_train_00000490,차대보행자,,,
aihub_train_00000672,차대보행자,,,
aihub_train_00000312,차대보행자,,,
aihub_train_00000153,차대보행자,,,
aihub_train_00000731,차대보행자,,,
aihub_train_00000378,차대보행자,,,
aihub_train_00000670,차대보행자,,,
aihub_train_00000447,차대보행자,,,
aihub_train_00000494,차대보행자,,,
aihub_train_00000612,차대보행자,,,
aihub_train_00000509,차대보행자,,,
aihub_train_00000294,차대보행자,,,
aihub_train_00000521,차대보행자,,,
aihub_train_00000119,차대보행자,,,
aihub_train_00000133,차대보행자,,,
aihub_train_00000046,차대보행자,,,
aihub_train_00000057,차대보행자,,,
aihub_train_00000606,차대보행자,,,
aihub_train_00000741,차대보행자,,,
aihub_train_00000625,차대보행자,,,
aihub_train_00000426,차대보행자,,,
aihub_train_00000228,차대보행자,,,
aihub_train_00000488,차대보행자,,,
aihub_train_00000523,차대보행자,,,
aihub_train_00000750,차대보행자,,,
aihub_train_00000440,차대보행자,,,
aihub_train_00000384,차대보행자,,,
aihub_train_00000524,차대보행자,,,
aihub_train_00000418,차대보행자,,,
aihub_train_00000365,차대보행자,,,
aihub_train_00000148,차대보행자,,,
aihub_train_00000415,차대보행자,,,
aihub_train_00000107,차대보행자,,,
aihub_train_00000302,차대보행자,,,
aihub_train_00000387,차대보행자,,,
aihub_train_00000303,차대보행자,,,
aihub_train_00000643,차대보행자,,,
aihub_train_00000528,차대보행자,,,
aihub_train_00000621,차대보행자,,,
aihub_train_00000729,차대보행자,,,
aihub_train_00000407,차대보행자,,,
aihub_train_00000051,차대보행자,,,
aihub_train_00000614,차대보행자,,,
aihub_train_00000657,차대보행자,,,
aihub_train_00000281,차대보행자,,,
aihub_train_00000554,차대보행자,,,
aihub_train_00000193,차대보행자,,,
aihub_train_00000024,차대보행자,,,
aihub_train_00000500,차대보행자,,,
aihub_train_00000366,차대보행자,,,
aihub_train_00000163,차대보행자,,,
aihub_train_00000264,차대보행자,,,
aihub_train_00000580,차대보행자,,,
aihub_train_00000549,차대보행자,,,
aihub_train_00000691,차대보행자,,,
aihub_train_00000704,차대보행자,,,
aihub_train_00000044,차대보행자,,,
aihub_train_00000189,차대보행자,,,
aihub_train_00000742,차대보행자,,,
aihub_train_00000603,차대보행자,,,
aihub_train_00000322,차대보행자,,,
aihub_train_00000273,차대보행자,,,
aihub_train_00000379,차대보행자,,,
aihub_train_00000173,차대보행자,,,
aihub_train_00000628,차대보행자,,,
aihub_train_00000307,차대보행자,,,
aihub_train_00000120,차대보행자,,,
aihub_train_00000369,차대보행자,,,
aihub_train_00000257,차대보행자,,,
aihub_train_00000156,차대보행자,,,
aihub_train_00000149,차대보행자,,,
aihub_train_00000202,차대보행자,,,
aihub_train_00000111,차대보행자,,,
aihub_train_00000464,차대보행자,,,
aihub_train_00000680,차대보행자,,,
aihub_train_00000240,차대보행자,,,
aihub_train_00000610,차대보행자,,,
aihub_train_00000214,차대보행자,,,
aihub_train_00000141,차대보행자,,,
aihub_train_00000692,차대보행자,,,
aihub_train_00000514,차대보행자,,,
aihub_train_00000397,차대보행자,,,
aihub_train_00000510,차대보행자,,,
aihub_train_00000712,차대보행자,,,
aihub_train_00000232,차대보행자,,,
aihub_train_00000192,차대보행자,,,
aihub_train_00000174,차대보행자,,,
aihub_train_00000618,차대보행자,,,
aihub_train_00000308,차대보행자,,,
aihub_train_00000316,차대보행자,,,
aihub_train_00000330,차대보행자,,,
aihub_train_00000050,차대보행자,,,
aihub_train_00000551,차대보행자,,,
aihub_train_00000359,차대보행자,,,
aihub_train_00000338,차대보행자,,,
aihub_train_00000401,차대보행자,,,
aihub_train_00000495,차대보행자,,,
aihub_train_00000674,차대보행자,,,
aihub_train_00000210,차대보행자,,,
aihub_train_00000159,차대보행자,,,
aihub_train_00000404,차대보행자,,,
aihub_train_00000414,차대보행자,,,
aihub_train_00000064,차대보행자,,,
aihub_train_00000394,차대보행자,,,
aihub_train_00000569,차대보행자,,,
aihub_train_00000295,차대보행자,,,
aihub_train_00000519,차대보행자,,,
aihub_train_00000667,차대보행자,,,
aihub_train_00000763,차대보행자,,,
aihub_train_00000267,차대보행자,,,
aihub_train_00000597,차대보행자,,,
aihub_train_00000466,차대보행자,,,
aihub_train_00000358,차대보행자,,,
aihub_train_00000131,차대보행자,,,
aihub_train_00000472,차대보행자,,,
aihub_train_00000198,차대보행자,,,
aihub_train_00000326,차대보행자,,,
aihub_train_00000262,차대보행자,,,
aihub_train_00000745,차대보행자,,,
aihub_train_00000424,차대보행자,,,
aihub_train_00000177,차대보행자,,,
aihub_train_00000223,차대보행자,,,
aihub_train_00000311,차대보행자,,,
aihub_train_00000309,차대보행자,,,
aihub_train_00000425,차대보행자,,,
aihub_train_00000317,차대보행자,,,
aihub_train_00000428,차대보행자,,,
aihub_train_00000685,차대보행자,,,
aihub_train_00000015,차대보행자,,,
aihub_train_00000577,차대보행자,,,
aihub_train_00000661,차대보행자,,,
aihub_train_00000298,차대보행자,,,
aihub_train_00000453,차대보행자,,,
aihub_train_00000304,차대보행자,,,
aihub_train_00000296,차대보행자,,,
aihub_train_00000400,차대보행자,,,
aihub_train_00000650,차대보행자,,,
aihub_train_00000169,차대보행자,,,
aihub_train_00000205,차대보행자,,,
aihub_train_00000099,차대보행자,,,
aihub_train_00000663,차대보행자,,,
aihub_train_00000593,차대보행자,,,
aihub_train_00000117,차대보행자,,,
aihub_train_00000602,차대보행자,,,
aihub_train_00000180,차대보행자,,,
aihub_train_00000558,차대보행자,,,
aihub_train_00000103,차대보행자,,,
aihub_train_00000114,차대보행자,,,
aihub_train_00000241,차대보행자,,,
aihub_train_00000594,차대보행자,,,
aihub_train_00000196,차대보행자,,,
aihub_train_00000706,차대보행자,,,
aihub_train_00000694,차대보행자,,,
aihub_train_00000137,차대보행자,,,
aihub_train_00000329,차대보행자,,,
aihub_train_00000211,차대보행자,,,
aihub_train_00000356,차대보행자,,,
aihub_train_00000092,차대보행자,,,
aihub_train_00000013,차대보행자,,,
aihub_train_00000212,차대보행자,,,
aihub_train_00000091,차대보행자,,,
aihub_train_00000084,차대보행자,,,
aihub_train_00000595,차대보행자,,,
aihub_train_00000467,차대보행자,,,
aihub_train_00000451,차대보행자,,,
aihub_train_00000499,차대보행자,,,
aihub_train_00000287,차대보행자,,,
aihub_train_00000182,차대보행자,,,
aihub_train_00000053,차대보행자,,,
aihub_train_00000709,차대보행자,,,
aihub_train_00000373,차대보행자,,,
aihub_train_00000184,차대보행자,,,
aihub_train_00000457,차대보행자,,,
aihub_train_00000187,차대보행자,,,
aihub_train_00000158,차대보행자,,,
aihub_train_00000735,차대보행자,,,
aihub_train_00000561,차대보행자,,,
aihub_train_00000722,차대보행자,,,
aihub_train_00000076,차대보행자,,,
aihub_train_00000350,차대보행자,,,
aihub_train_00000432,차대보행자,,,
aihub_train_00000398,차대보행자,,,
aihub_train_00000019,차대보행자,,,
aihub_train_00000280,차대보행자,,,
aihub_train_00000077,차대보행자,,,
aihub_train_00000039,차대보행자,,,
aihub_train_00000737,차대보행자,,,
aihub_train_00000708,차대보행자,,,
aihub_train_00000288,차대보행자,,,
aihub_train_00000219,차대보행자,,,
aihub_train_00000283,차대보행자,,,
aihub_train_00000227,차대보행자,,,
aihub_train_00000083,차대보행자,,,
aihub_train_00000135,차대보행자,,,
aihub_train_00000327,차대보행자,,,
aihub_train_00000067,차대보행자,,,
aihub_train_00000171,차대보행자,,,
aihub_train_00000489,차대보행자,,,
aihub_train_00000023,차대보행자,,,
aihub_train_00000639,차대보행자,,,
aihub_train_00000481,차대보행자,,,
aihub_train_00000701,차대보행자,,,
aihub_train_00000505,차대보행자,,,
aihub_train_00000027,차대보행자,,,
aihub_train_00000587,차대보행자,,,
aihub_train_00000675,차대보행자,,,
aihub_train_00000259,차대보행자,,,
aihub_train_00000381,차대보행자,,,
aihub_train_00000325,차대보행자,,,
aihub_train_00000352,차대보행자,,,
aihub_train_00000427,차대보행자,,,
aihub_train_00000677,차대보행자,,,
aihub_train_00000486,차대보행자,,,
aihub_train_00000108,차대보행자,,,
aihub_train_00000310,차대보행자,,,
aihub_train_00000145,차대보행자,,,
aihub_train_00000140,차대보행자,,,
aihub_train_00000473,차대보행자,,,
aihub_train_00000503,차대보행자,,,
aihub_train_00000055,차대보행자,,,
aihub_train_00000589,차대보행자,,,
aihub_train_00000403,차대보행자,,,
aihub_train_00000069,차대보행자,,,
aihub_train_00000054,차대보행자,,,
aihub_train_00000340,차대보행자,,,
aihub_train_00000539,차대보행자,,,
aihub_train_00000284,차대보행자,,,
aihub_train_00000342,차대보행자,,,
aihub_train_00000412,차대보행자,,,
aihub_train_00000713,차대보행자,,,
aihub_train_00000335,차대보행자,,,
aihub_train_00000314,차대보행자,,,
aihub_train_00000155,차대보행자,,,
aihub_train_00000361,차대보행자,,,
aihub_train_00000279,차대보행자,,,
aihub_train_00000640,차대보행자,,,
aihub_train_00000455,차대보행자,,,
aihub_train_00000146,차대보행자,,,
aihub_train_00000190,차대보행자,,,
aihub_train_00000126,차대보행자,,,
aihub_train_00000622,차대보행자,,,
aihub_train_00000179,차대보행자,,,
aihub_train_00000420,차대보행자,,,
aihub_train_00000422,차대보행자,,,
aihub_train_00000260,차대보행자,,,
aihub_train_00000496,차대보행자,,,
aihub_train_00000276,차대보행자,,,
aihub_train_00000548,차대보행자,,,
aihub_train_00000052,차대보행자,,,
aihub_train_00000289,차대보행자,,,
aihub_train_00000319,차대보행자,,,
aihub_train_00000416,차대보행자,,,
aihub_train_00000005,차대보행자,,,
aihub_train_00000038,차대보행자,,,
aihub_train_00000385,차대보행자,,,
aihub_train_00000508,차대보행자,,,
aihub_train_00000572,차대보행자,,,
aihub_train_00000154,차대보행자,,,
aihub_train_00000331,차대보행자,,,
aihub_train_00000344,차대보행자,,,
aihub_train_00000660,차대보행자,,,
aihub_train_00000203,차대보행자,,,
aihub_train_00000579,차대보행자,,,
aihub_train_00000123,차대보행자,,,
aihub_train_00000493,차대보행자,,,
aihub_train_00000367,차대보행자,,,
aihub_train_00000343,차대보행자,,,
aihub_train_00000720,차대보행자,,,
aihub_train_00000134,차대보행자,,,
aihub_train_00000613,차대보행자,,,
aihub_train_00000268,차대보행자,,,
aihub_train_00000290,차대보행자,,,
aihub_train_00000299,차대보행자,,,
aihub_train_00000337,차대보행자,,,
aihub_train_00000683,차대보행자,,,
aihub_train_00000452,차대보행자,,,
aihub_train_00000318,차대보행자,,,
aihub_train_00000021,차대보행자,,,
aihub_train_00000448,차대보행자,,,
aihub_train_00000468,차대보행자,,,
aihub_train_00000127,차대보행자,,,
aihub_train_00000292,차대보행자,,,
aihub_train_00000062,차대보행자,,,
aihub_train_00000207,차대보행자,,,
aihub_train_00000121,차대보행자,,,
aihub_train_00000535,차대보행자,,,
aihub_train_00000346,차대보행자,,,
aihub_train_00000035,차대보행자,,,
aihub_train_00000305,차대보행자,,,
aihub_train_00000036,차대보행자,,,
aihub_train_00000746,차대보행자,,,
aihub_train_00000436,차대보행자,,,
aihub_train_00000042,차대보행자,,,
aihub_train_00000261,차대보행자,,,
aihub_train_00000462,차대보행자,,,
aihub_train_00000586,차대보행자,,,
aihub_train_00000576,차대보행자,,,
aihub_train_00000437,차대보행자,,,
aihub_train_00000623,차대보행자,,,
aihub_train_00000245,차대보행자,,,
aihub_train_00000300,차대보행자,,,
aihub_train_00000511,차대보행자,,,
aihub_train_00000469,차대보행자,,,
aihub_train_00000161,차대보행자,,,
aihub_train_00000568,차대보행자,,,
aihub_train_00000032,차대보행자,,,
aihub_train_00000278,차대보행자,,,
aihub_train_00000377,차대보행자,,,
aihub_train_00000695,차대보행자,,,
aihub_train_00000030,차대보행자,,,
aihub_train_00000525,차대보행자,,,
aihub_train_00000152,차대보행자,,,
aihub_train_00000098,차대보행자,,,
aihub_train_00000080,차대보행자,,,
aihub_train_00000250,차대보행자,,,
aihub_train_00000716,차대보행자,,,
aihub_train_00000714,차대보행자,,,
aihub_train_00000690,차대보행자,,,
aihub_train_00000484,차대보행자,,,
aihub_train_00000375,차대보행자,,,
aihub_train_00000357,차대보행자,,,
aihub_train_00000573,차대보행자,,,
aihub_train_00000652,차대보행자,,,
aihub_train_00000233,차대보행자,,,
aihub_train_00000540,차대보행자,,,
aihub_train_00000402,차대보행자,,,
aihub_train_00000504,차대보행자,,,
aihub_train_00000543,차대보행자,,,
aihub_train_00000200,차대보행자,,,
aihub_train_00000002,차대보행자,,,
aihub_train_00000638,차대보행자,,,
aihub_train_00000085,차대보행자,,,
aihub_train_00000747,차대보행자,,,
aihub_train_00000565,차대보행자,,,
aihub_train_00000669,차대보행자,,,
aihub_train_00000443,차대보행자,,,
aihub_train_00000110,차대보행자,,,
aihub_train_00000588,차대보행자,,,
aihub_train_00000648,차대보행자,,,
aihub_train_00000209,차대보행자,,,
aihub_train_00000086,차대보행자,,,
aihub_train_00000122,차대보행자,,,
aihub_train_00000435,차대보행자,,,
aihub_train_00000386,차대보행자,,,
aihub_train_00000475,차대보행자,,,
aihub_train_00000048,차대보행자,,,
aihub_train_00000497,차대보행자,,,
aihub_train_00000556,차대보행자,,,
aihub_train_00000429,차대보행자,,,
aihub_train_00000671,차대보행자,,,
aihub_train_00000334,차대보행자,,,
aihub_train_00000761,차대보행자,,,
aihub_train_00000529,차대보행자,,,
aihub_train_00000454,차대보행자,,,
aihub_train_00000078,차대보행자,,,
aihub_train_00000256,차대보행자,,,
aihub_train_00000673,차대보행자,,,
aihub_train_00000582,차대보행자,,,
aihub_train_00000188,차대보행자,,,
aihub_train_00000631,차대보행자,,,
aihub_train_00000144,차대보행자,,,
aihub_train_00000732,차대보행자,,,
aihub_train_00000538,차대보행자,,,
aihub_train_00000700,차대보행자,,,
aihub_train_00000255,차대보행자,,,
aihub_train_00000112,차대보행자,,,
aihub_train_00000348,차대보행자,,,
aihub_train_00000413,차대보행자,,,
aihub_train_00000063,차대보행자,,,
aihub_train_00000101,차대보행자,,,
aihub_train_00000056,차대보행자,,,
aihub_train_00000479,차대보행자,,,
aihub_train_00000421,차대보행자,,,
aihub_train_00000574,차대보행자,,,
aihub_train_00000363,차대보행자,,,
aihub_train_00000442,차대보행자,,,
aihub_train_00000717,차대보행자,,,
aihub_train_00000097,차대보행자,,,
aihub_train_00000195,차대보행자,,,
aihub_train_00000417,차대보행자,,,
aihub_train_00000679,차대보행자,,,
aihub_train_00000249,차대보행자,,,
aihub_train_00000485,차대보행자,,,
aihub_train_00000136,차대보행자,,,
aihub_train_00000220,차대보행자,,,
aihub_train_00000584,차대보행자,,,
aihub_train_00000286,차대보행자,,,
aihub_train_00000244,차대보행자,,,
aihub_train_00000527,차대보행자,,,
aihub_train_00000555,차대보행자,,,
aihub_train_00000339,차대보행자,,,
aihub_train_00000681,차대보행자,,,
aihub_train_00000070,차대보행자,,,
aihub_train_00000665,차대보행자,,,
aihub_train_00000061,차대보행자,,,
aihub_train_00000073,차대보행자,,,
aihub_train_00000008,차대보행자,,,
aihub_train_00000733,차대보행자,,,
aihub_train_00000236,차대보행자,,,
aihub_train_00000022,차대보행자,,,
aihub_train_00000347,차대보행자,,,
aihub_train_00000629,차대보행자,,,
aihub_train_00000231,차대보행자,,,
aihub_train_00000254,차대보행자,,,
aihub_train_00000124,차대보행자,,,
aihub_train_00000463,차대보행자,,,
aihub_train_00000530,차대보행자,,,
aihub_train_00000449,차대보행자,,,
aihub_train_00000601,차대보행자,,,
aihub_train_00000642,차대보행자,,,
aihub_train_00000320,차대보행자,,,
aihub_train_00000206,차대보행자,,,
aihub_train_00000645,차대보행자,,,
aihub_train_00000659,차대보행자,,,
aihub_train_00000434,차대보행자,,,
aihub_train_00000541,차대보행자,,,
aihub_train_00000697,차대보행자,,,
aihub_train_00000170,차대보행자,,,
aihub_train_00000563,차대보행자,,,
aihub_train_00000487,차대보행자,,,
aihub_train_00000132,차대보행자,,,
aihub_train_00000129,차대보행자,,,
aihub_train_00000546,차대보행자,,,
aihub_train_00000071,차대보행자,,,
aihub_train_00000498,차대보행자,,,
aihub_train_00000088,차대보행자,,,
aihub_train_00000707,차대보행자,,,
aihub_train_00000658,차대보행자,,,
aihub_train_00000247,차대보행자,,,
aihub_train_00000060,차대보행자,,,
aihub_train_00000246,차대보행자,,,
aihub_train_00000315,차대보행자,,,
aihub_train_00000372,차대보행자,,,
aihub_train_00000616,차대보행자,,,
aihub_train_00000020,차대보행자,,,
aihub_train_00000501,차대보행자,,,
aihub_train_00000332,차대보행자,,,
aihub_train_00000001,차대보행자,,,
aihub_train_00000544,차대보행자,,,
aihub_train_00000553,차대보행자,,,
aihub_train_00000166,차대보행자,,,
aihub_train_00000383,차대보행자,,,
aihub_train_00000633,차대보행자,,,
aihub_train_00000739,차대보행자,,,
aihub_train_00000607,차대보행자,,,
aihub_train_00000306,차대보행자,,,
aihub_train_00000109,차대보행자,,,
aihub_train_00000520,차대보행자,,,
aihub_train_00000183,차대보행자,,,
aihub_train_00000513,차대보행자,,,
aihub_train_00000646,차대보행자,,,
aihub_train_00000004,차대보행자,,,
aihub_train_00000689,차대보행자,,,
aihub_train_00000162,차대보행자,,,
aihub_train_00000446,차대보행자,,,
aihub_train_00000705,차대보행자,,,
aihub_train_00000762,차대보행자,,,
aihub_train_00000725,차대보행자,,,
aihub_train_00000682,차대보행자,,,
aihub_train_00000710,차대보행자,,,
aihub_train_00000118,차대보행자,,,
aihub_train_00000012,차대보행자,,,
aihub_train_00000567,차대보행자,,,
aihub_train_00000258,차대보행자,,,
aihub_train_00000542,차대보행자,,,
aihub_train_00000480,차대보행자,,,
aihub_train_00000630,차대보행자,,,
aihub_train_00000391,차대보행자,,,
aihub_train_00000395,차대보행자,,,
aihub_train_00000066,차대보행자,,,
aihub_train_00000611,차대보행자,,,
aihub_train_00000726,차대보행자,,,
aihub_train_00000728,차대보행자,,,
aihub_train_00000157,차대보행자,,,
aihub_train_00000113,차대보행자,,,
aihub_train_00000049,차대보행자,,,
aihub_train_00000094,차대보행자,,,
aihub_train_00000506,차대보행자,,,
aihub_train_00000522,차대보행자,,,
aihub_train_00000142,차대보행자,,,
aihub_train_00000668,차대보행자,,,
aihub_train_00000702,차대보행자,,,
aihub_train_00000409,차대보행자,,,
aihub_train_00000598,차대보행자,,,
aihub_train_00000439,차대보행자,,,
aihub_train_00000599,차대보행자,,,
aihub_train_00000270,차대보행자,,,
aihub_train_00000552,차대보행자,,,
aihub_train_00000740,차대보행자,,,
aihub_train_00000253,차대보행자,,,
aihub_train_00000756,차대보행자,,,
aihub_train_00000272,차대보행자,,,
aihub_train_00000147,차대보행자,,,
aihub_train_00000470,차대보행자,,,
aihub_train_00000406,차대보행자,,,
aihub_train_00000512,차대보행자,,,
aihub_train_00000218,차대보행자,,,
aihub_train_00000323,차대보행자,,,
aihub_train_00000581,차대보행자,,,
aihub_train_00000217,차대보행자,,,
aihub_train_00000068,차대보행자,,,
aihub_train_00000275,차대보행자,,,
aihub_train_00000411,차대보행자,,,
aihub_train_00000324,차대보행자,,,
aihub_train_00000748,차대보행자,,,
aihub_train_00000235,차대보행자,,,
aihub_train_00000058,차대보행자,,,
aihub_train_00000333,차대보행자,,,
aihub_train_00000225,차대보행자,,,
aihub_train_00000571,차대보행자,,,
aihub_train_00000656,차대보행자,,,
aihub_train_00000277,차대보행자,,,
aihub_train_00000389,차대보행자,,,
aihub_train_00000474,차대보행자,,,
aihub_train_00000168,차대보행자,,,
aihub_train_00000758,차대보행자,,,
aihub_train_00000547,차대보행자,,,
aihub_train_00000176,차대보행자,,,
aihub_train_00000688,차대보행자,,,
aihub_train_00000624,차대보행자,,,
aihub_train_00000074,차대보행자,,,
aihub_train_00000664,차대보행자,,,
aihub_train_00000274,차대보행자,,,
aihub_train_00000215,차대보행자,,,
aihub_train_00000364,차대보행자,,,
aihub_train_00000380,차대보행자,,,
aihub_train_00000167,차대보행자,,,
aihub_train_00000374,차대보행자,,,
aihub_train_00000651,차대보행자,,,
aihub_train_00000465,차대보행자,,,
aihub_train_00000724,차대보행자,,,
aihub_train_00000718,차대보행자,,,
aihub_train_00000104,차대보행자,,,
aihub_train_00000744,차대보행자,,,
aihub_train_00000082,차대보행자,,,
aihub_train_00000297,차대보행자,,,
aihub_train_00000234,차대보행자,,,
aihub_train_00000678,차대보행자,,,
aihub_train_00000047,차대보행자,,,
aihub_train_00000072,차대보행자,,,
aihub_train_00000197,차대보행자,,,
aihub_train_00002474,차대이륜차,,,
aihub_train_00002415,차대이륜차,,,
aihub_train_00000814,차대이륜차,,,
aihub_train_00001703,차대이륜차,,,
aihub_train_00002280,차대이륜차,,,
aihub_train_00002676,차대이륜차,,,
aihub_train_00000866,차대이륜차,,,
aihub_train_00001385,차대이륜차,,,
aihub_train_00002322,차대이륜차,,,
aihub_train_00001979,차대이륜차,,,
aihub_train_00001240,차대이륜차,,,
aihub_train_00002549,차대이륜차,,,
aihub_train_00001337,차대이륜차,,,
aihub_train_00002649,차대이륜차,,,
aihub_train_00001013,차대이륜차,,,
aihub_train_00001130,차대이륜차,,,
aihub_train_00001374,차대이륜차,,,
aihub_train_00001829,차대이륜차,,,
aihub_train_00001975,차대이륜차,,,
aihub_train_00000770,차대이륜차,,,
aihub_train_00002654,차대이륜차,,,
aihub_train_00002018,차대이륜차,,,
aihub_train_00001168,차대이륜차,,,
aihub_train_00002557,차대이륜차,,,
aihub_train_00002107,차대이륜차,,,
aihub_train_00002348,차대이륜차,,,
aihub_train_00002340,차대이륜차,,,
aihub_train_00002582,차대이륜차,,,
aihub_train_00001096,차대이륜차,,,
aihub_train_00001025,차대이륜차,,,
aihub_train_00001684,차대이륜차,,,
aihub_train_00001877,차대이륜차,,,
aihub_train_00002262,차대이륜차,,,
aihub_train_00001704,차대이륜차,,,
aihub_train_00000964,차대이륜차,,,
aihub_train_00002615,차대이륜차,,,
aihub_train_00002417,차대이륜차,,,
aihub_train_00002193,차대이륜차,,,
aihub_train_00000895,차대이륜차,,,
aihub_train_00002493,차대이륜차,,,
aihub_train_00001039,차대이륜차,,,
aihub_train_00002416,차대이륜차,,,
aihub_train_00001102,차대이륜차,,,
aihub_train_00002627,차대이륜차,,,
aihub_train_00002292,차대이륜차,,,
aihub_train_00002209,차대이륜차,,,
aihub_train_00001202,차대이륜차,,,
aihub_train_00002432,차대이륜차,,,
aihub_train_00001837,차대이륜차,,,
aihub_train_00001811,차대이륜차,,,
aihub_train_00000972,차대이륜차,,,
aihub_train_00001466,차대이륜차,,,
aihub_train_00000862,차대이륜차,,,
aihub_train_00001847,차대이륜차,,,
aihub_train_00002609,차대이륜차,,,
aihub_train_00001528,차대이륜차,,,
aihub_train_00001993,차대이륜차,,,
aihub_train_00000793,차대이륜차,,,
aihub_train_00000771,차대이륜차,,,
aihub_train_00002048,차대이륜차,,,
aihub_train_00000767,차대이륜차,,,
aihub_train_00001509,차대이륜차,,,
aihub_train_00001827,차대이륜차,,,
aihub_train_00001166,차대이륜차,,,
aihub_train_00001178,차대이륜차,,,
aihub_train_00001606,차대이륜차,,,
aihub_train_00000975,차대이륜차,,,
aihub_train_00001174,차대이륜차,,,
aihub_train_00002438,차대이륜차,,,
aihub_train_00001274,차대이륜차,,,
aihub_train_00002680,차대이륜차,,,
aihub_train_00001268,차대이륜차,,,
aihub_train_00002103,차대이륜차,,,
aihub_train_00000764,차대이륜차,,,
aihub_train_00002342,차대이륜차,,,
aihub_train_00002690,차대이륜차,,,
aihub_train_00001260,차대이륜차,,,
aihub_train_00002343,차대이륜차,,,
aihub_train_00000992,차대이륜차,,,
aihub_train_00001126,차대이륜차,,,
aihub_train_00002588,차대이륜차,,,
aihub_train_00002371,차대이륜차,,,
aihub_train_00001608,차대이륜차,,,
aihub_train_00001974,차대이륜차,,,
aihub_train_00002133,차대이륜차,,,
aihub_train_00000932,차대이륜차,,,
aihub_train_00001673,차대이륜차,,,
aihub_train_00001845,차대이륜차,,,
aihub_train_00001437,차대이륜차,,,
aihub_train_00002515,차대이륜차,,,
aihub_train_00001409,차대이륜차,,,
aihub_train_00001809,차대이륜차,,,
aihub_train_00000946,차대이륜차,,,
aihub_train_00001351,차대이륜차,,,
aihub_train_00002195,차대이륜차,,,
aihub_train_00002117,차대이륜차,,,
aihub_train_00002403,차대이륜차,,,
aihub_train_00000855,차대이륜차,,,
aihub_train_00002459,차대이륜차,,,
aihub_train_00001228,차대이륜차,,,
aihub_train_00001309,차대이륜차,,,
aihub_train_00001430,차대이륜차,,,
aihub_train_00002092,차대이륜차,,,
aihub_train_00000883,차대이륜차,,,
aihub_train_00001194,차대이륜차,,,
aihub_train_00001585,차대이륜차,,,
aihub_train_00001844,차대이륜차,,,
aihub_train_00000798,차대이륜차,,,
aihub_train_00002187,차대이륜차,,,
aihub_train_00002229,차대이륜차,,,
aihub_train_00000872,차대이륜차,,,
aihub_train_00000781,차대이륜차,,,
aihub_train_00002077,차대이륜차,,,
aihub_train_00001035,차대이륜차,,,
aihub_train_00002613,차대이륜차,,,
aihub_train_00002190,차대이륜차,,,
aihub_train_00001347,차대이륜차,,,
aihub_train_00000800,차대이륜차,,,
aihub_train_00001398,차대이륜차,,,
aihub_train_00000882,차대이륜차,,,
aihub_train_00001162,차대이륜차,,,
aihub_train_00002298,차대이륜차,,,
aihub_train_00001560,차대이륜차,,,
aihub_train_00001016,차대이륜차,,,
aihub_train_00002042,차대이륜차,,,
aihub_train_00002444,차대이륜차,,,
aihub_train_00001833,차대이륜차,,,
aihub_train_00001934,차대이륜차,,,
aihub_train_00001922,차대이륜차,,,
aihub_train_00001138,차대이륜차,,,
aihub_train_00002643,차대이륜차,,,
aihub_train_00001808,차대이륜차,,,
aihub_train_00001859,차대이륜차,,,
aihub_train_00001464,차대이륜차,,,
aihub_train_00002531,차대이륜차,,,
aihub_train_00001063,차대이륜차,,,
aihub_train_00000988,차대이륜차,,,
aihub_train_00001793,차대이륜차,,,
aihub_train_00000786,차대이륜차,,,
aihub_train_00001142,차대이륜차,,,
aihub_train_00001170,차대이륜차,,,
aihub_train_00001930,차대이륜차,,,
aihub_train_00001650,차대이륜차,,,
aihub_train_00000935,차대이륜차,,,
aihub_train_00002273,차대이륜차,,,
aihub_train_00000885,차대이륜차,,,
aihub_train_00001378,차대이륜차,,,
aihub_train_00001510,차대이륜차,,,
aihub_train_00002001,차대이륜차,,,
aihub_train_00001448,차대이륜차,,,
aihub_train_00001570,차대이륜차,,,
aihub_train_00001379,차대이륜차,,,
aihub_train_00001040,차대이륜차,,,
aihub_train_00001921,차대이륜차,,,
aihub_train_00002565,차대이륜차,,,
aihub_train_00001493,차대이륜차,,,
aihub_train_00001282,차대이륜차,,,
aihub_train_00001882,차대이륜차,,,
aihub_train_00000979,차대이륜차,,,
aihub_train_00001031,차대이륜차,,,
aihub_train_00002666,차대이륜차,,,
aihub_train_00001279,차대이륜차,,,
aihub_train_00000825,차대이륜차,,,
aihub_train_00001514,차대이륜차,,,
aihub_train_00002248,차대이륜차,,,
aihub_train_00002530,차대이륜차,,,
aihub_train_00001000,차대이륜차,,,
aihub_train_00002658,차대이륜차,,,
aihub_train_00000957,차대이륜차,,,
aihub_train_00002497,차대이륜차,,,
aihub_train_00002504,차대이륜차,,,
aihub_train_00002674,차대이륜차,,,
aihub_train_00002440,차대이륜차,,,
aihub_train_00001749,차대이륜차,,,
aihub_train_00002124,차대이륜차,,,
aihub_train_00001397,차대이륜차,,,
aihub_train_00002284,차대이륜차,,,
aihub_train_00000947,차대이륜차,,,
aihub_train_00001455,차대이륜차,,,
aihub_train_00002392,차대이륜차,,,
aihub_train_00000774,차대이륜차,,,
aihub_train_00000838,차대이륜차,,,
aihub_train_00002219,차대이륜차,,,
aihub_train_00002150,차대이륜차,,,
aihub_train_00001417,차대이륜차,,,
aihub_train_00001210,차대이륜차,,,
aihub_train_00000986,차대이륜차,,,
aihub_train_00001187,차대이륜차,,,
aihub_train_00001449,차대이륜차,,,
aihub_train_00001957,차대이륜차,,,
aihub_train_00001759,차대이륜차,,,
aihub_train_00002206,차대이륜차,,,
aihub_train_00002398,차대이륜차,,,
aihub_train_00002318,차대이륜차,,,
aihub_train_00001297,차대이륜차,,,
aihub_train_00001201,차대이륜차,,,
aihub_train_00001413,차대이륜차,,,
aihub_train_00001172,차대이륜차,,,
aihub_train_00001048,차대이륜차,,,
aihub_train_00001042,차대이륜차,,,
aihub_train_00001595,차대이륜차,,,
aihub_train_00002089,차대이륜차,,,
aihub_train_00002561,차대이륜차,,,
aihub_train_00002633,차대이륜차,,,
aihub_train_00002672,차대이륜차,,,
aihub_train_00001719,차대이륜차,,,
aihub_train_00002689,차대이륜차,,,
aihub_train_00001288,차대이륜차,,,
aihub_train_00001898,차대이륜차,,,
aihub_train_00002636,차대이륜차,,,
aihub_train_00001896,차대이륜차,,,
aihub_train_00002468,차대이륜차,,,
aihub_train_00002355,차대이륜차,,,
aihub_train_00001314,차대이륜차,,,
aihub_train_00001886,차대이륜차,,,
aihub_train_00001246,차대이륜차,,,
aihub_train_00002073,차대이륜차,,,
aihub_train_00001631,차대이륜차,,,
aihub_train_00002596,차대이륜차,,,
aihub_train_00001575,차대이륜차,,,
aihub_train_00001070,차대이륜차,,,
aihub_train_00000854,차대이륜차,,,
aihub_train_00000903,차대이륜차,,,
aihub_train_00001659,차대이륜차,,,
aihub_train_00002226,차대이륜차,,,
aihub_train_00000881,차대이륜차,,,
aihub_train_00002317,차대이륜차,,,
aihub_train_00001118,차대이륜차,,,
aihub_train_00001821,차대이륜차,,,
aihub_train_00002309,차대이륜차,,,
aihub_train_00001907,차대이륜차,,,
aihub_train_00001339,차대이륜차,,,
aihub_train_00001416,차대이륜차,,,
aihub_train_00001697,차대이륜차,,,
aihub_train_00001529,차대이륜차,,,
aihub_train_00001683,차대이륜차,,,
aihub_train_00001338,차대이륜차,,,
aihub_train_00001109,차대이륜차,,,
aihub_train_00002332,차대이륜차,,,
aihub_train_00001419,차대이륜차,,,
aihub_train_00002102,차대이륜차,,,
aihub_train_00000981,차대이륜차,,,
aihub_train_00002154,차대이륜차,,,
aihub_train_00002159,차대이륜차,,,
aihub_train_00001802,차대이륜차,,,
aihub_train_00002325,차대이륜차,,,
aihub_train_00002142,차대이륜차,,,
aihub_train_00001453,차대이륜차,,,
aihub_train_00001015,차대이륜차,,,
aihub_train_00001987,차대이륜차,,,
aihub_train_00001151,차대이륜차,,,
aihub_train_00002535,차대이륜차,,,
aihub_train_00001722,차대이륜차,,,
aihub_train_00001720,차대이륜차,,,
aihub_train_00001164,차대이륜차,,,
aihub_train_00002143,차대이륜차,,,
aihub_train_00000773,차대이륜차,,,
aihub_train_00002127,차대이륜차,,,
aihub_train_00001177,차대이륜차,,,
aihub_train_00001797,차대이륜차,,,
aihub_train_00002411,차대이륜차,,,
aihub_train_00001301,차대이륜차,,,
aihub_train_00001924,차대이륜차,,,
aihub_train_00001940,차대이륜차,,,
aihub_train_00001270,차대이륜차,,,
aihub_train_00001298,차대이륜차,,,
aihub_train_00002663,차대이륜차,,,
aihub_train_00001095,차대이륜차,,,
aihub_train_00001677,차대이륜차,,,
aihub_train_00000777,차대이륜차,,,
aihub_train_00001701,차대이륜차,,,
aihub_train_00001183,차대이륜차,,,
aihub_train_00000820,차대이륜차,,,
aihub_train_00001565,차대이륜차,,,
aihub_train_00000952,차대이륜차,,,
aihub_train_00000772,차대이륜차,,,
aihub_train_00001842,차대이륜차,,,
aihub_train_00002657,차대이륜차,,,
aihub_train_00002082,차대이륜차,,,
aihub_train_00001036,차대이륜차,,,
aihub_train_00001065,차대이륜차,,,
aihub_train_00002575,차대이륜차,,,
aihub_train_00002314,차대이륜차,,,
aihub_train_00001477,차대이륜차,,,
aihub_train_00001469,차대이륜차,,,
aihub_train_00002471,차대이륜차,,,
aihub_train_00002511,차대이륜차,,,
aihub_train_00001128,차대이륜차,,,
aihub_train_00000835,차대이륜차,,,
aihub_train_00001629,차대이륜차,,,
aihub_train_00002526,차대이륜차,,,
aihub_train_00001843,차대이륜차,,,
aihub_train_00001440,차대이륜차,,,
aihub_train_00001434,차대이륜차,,,
aihub_train_00002422,차대이륜차,,,
aihub_train_00000834,차대이륜차,,,
aihub_train_00001480,차대이륜차,,,
aihub_train_00001181,차대이륜차,,,
aihub_train_00001432,차대이륜차,,,
aihub_train_00001552,차대이륜차,,,
aihub_train_00001496,차대이륜차,,,
aihub_train_00001024,차대이륜차,,,
aihub_train_00001675,차대이륜차,,,
aihub_train_00001265,차대이륜차,,,
aihub_train_00002100,차대이륜차,,,
aihub_train_00001319,차대이륜차,,,
aihub_train_00001858,차대이륜차,,,
aihub_train_00001653,차대이륜차,,,
aihub_train_00001676,차대이륜차,,,
aihub_train_00001839,차대이륜차,,,
aihub_train_00001252,차대이륜차,,,
aihub_train_00000824,차대이륜차,,,
aihub_train_00001918,차대이륜차,,,
aihub_train_00000907,차대이륜차,,,
aihub_train_00002405,차대이륜차,,,
aihub_train_00002017,차대이륜차,,,
aihub_train_00002673,차대이륜차,,,
aihub_train_00001911,차대이륜차,,,
aihub_train_00001167,차대이륜차,,,
aihub_train_00001451,차대이륜차,,,
aihub_train_00001047,차대이륜차,,,
aihub_train_00001569,차대이륜차,,,
aihub_train_00000863,차대이륜차,,,
aihub_train_00001649,차대이륜차,,,
aihub_train_00001581,차대이륜차,,,
aihub_train_00002519,차대이륜차,,,
aihub_train_00001285,차대이륜차,,,
aihub_train_00001535,차대이륜차,,,
aihub_train_00002587,차대이륜차,,,
aihub_train_00001463,차대이륜차,,,
aihub_train_00002412,차대이륜차,,,
aihub_train_00001250,차대이륜차,,,
aihub_train_00001618,차대이륜차,,,
aihub_train_00001478,차대이륜차,,,
aihub_train_00000819,차대이륜차,,,
aihub_train_00000768,차대이륜차,,,
aihub_train_00001038,차대이륜차,,,
aihub_train_00001340,차대이륜차,,,
aihub_train_00002308,차대이륜차,,,
aihub_train_00001098,차대이륜차,,,
aihub_train_00002433,차대이륜차,,,
aihub_train_00001848,차대이륜차,,,
aihub_train_00002617,차대이륜차,,,
aihub_train_00002176,차대이륜차,,,
aihub_train_00000788,차대이륜차,,,
aihub_train_00001965,차대이륜차,,,
aihub_train_00001604,차대이륜차,,,
aihub_train_00000874,차대이륜차,,,
aihub_train_00001328,차대이륜차,,,
aihub_train_00002141,차대이륜차,,,
aihub_train_00001640,차대이륜차,,,
aihub_train_00002451,차대이륜차,,,
aihub_train_00000810,차대이륜차,,,
aihub_train_00000775,차대이륜차,,,
aihub_train_00001345,차대이륜차,,,
aihub_train_00002558,차대이륜차,,,
aihub_train_00001900,차대이륜차,,,
aihub_train_00001550,차대이륜차,,,
aihub_train_00002393,차대이륜차,,,
aihub_train_00002576,차대이륜차,,,
aihub_train_00002691,차대이륜차,,,
aihub_train_00000861,차대이륜차,,,
aihub_train_00001538,차대이륜차,,,
aihub_train_00001698,차대이륜차,,,
aihub_train_00001853,차대이륜차,,,
aihub_train_00002303,차대이륜차,,,
aihub_train_00001532,차대이륜차,,,
aihub_train_00002369,차대이륜차,,,
aihub_train_00002306,차대이륜차,,,
aihub_train_00001805,차대이륜차,,,
aihub_train_00001176,차대이륜차,,,
aihub_train_00002528,차대이륜차,,,
aihub_train_00000813,차대이륜차,,,
aihub_train_00000836,차대이륜차,,,
aihub_train_00000890,차대이륜차,,,
aihub_train_00002418,차대이륜차,,,
aihub_train_00002254,차대이륜차,,,
aihub_train_00002290,차대이륜차,,,
aihub_train_00001786,차대이륜차,,,
aihub_train_00002480,차대이륜차,,,
aihub_train_00002121,차대이륜차,,,
aihub_train_00002662,차대이륜차,,,
aihub_train_00001051,차대이륜차,,,
aihub_train_00001027,차대이륜차,,,
aihub_train_00000953,차대이륜차,,,
aihub_train_00001243,차대이륜차,,,
aihub_train_00001474,차대이륜차,,,
aihub_train_00002260,차대이륜차,,,
aihub_train_00001365,차대이륜차,,,
aihub_train_00001737,차대이륜차,,,
aihub_train_00002489,차대이륜차,,,
aihub_train_00000924,차대이륜차,,,
aihub_train_00002213,차대이륜차,,,
aihub_train_00002113,차대이륜차,,,
aihub_train_00001914,차대이륜차,,,
aihub_train_00000868,차대이륜차,,,
aihub_train_00002441,차대이륜차,,,
aihub_train_00001757,차대이륜차,,,
aihub_train_00002536,차대이륜차,,,
aihub_train_00002408,차대이륜차,,,
aihub_train_00002307,차대이륜차,,,
aihub_train_00001985,차대이륜차,,,
aihub_train_00001116,차대이륜차,,,
aihub_train_00002612,차대이륜차,,,
aihub_train_00001973,차대이륜차,,,
aihub_train_00000916,차대이륜차,,,
aihub_train_00000971,차대이륜차,,,
aihub_train_00001114,차대이륜차,,,
aihub_train_00001926,차대이륜차,,,
aihub_train_00002635,차대이륜차,,,
aihub_train_00001970,차대이륜차,,,
aihub_train_00001191,차대이륜차,,,
aihub_train_00000912,차대이륜차,,,
aihub_train_00001384,차대이륜차,,,
aihub_train_00002009,차대이륜차,,,
aihub_train_00002420,차대이륜차,,,
aihub_train_00001823,차대이륜차,,,
aihub_train_00002156,차대이륜차,,,
aihub_train_00002564,차대이륜차,,,
aihub_train_00000977,차대이륜차,,,
aihub_train_00002246,차대이륜차,,,
aihub_train_00001332,차대이륜차,,,
aihub_train_00002541,차대이륜차,,,
aihub_train_00001097,차대이륜차,,,
aihub_train_00000899,차대이륜차,,,
aihub_train_00002155,차대이륜차,,,
aihub_train_00002570,차대이륜차,,,
aihub_train_00002339,차대이륜차,,,
aihub_train_00000787,차대이륜차,,,
aihub_train_00000805,차대이륜차,,,
aihub_train_00000778,차대이륜차,,,
aihub_train_00001186,차대이륜차,,,
aihub_train_00000785,차대이륜차,,,
aihub_train_00001539,차대이륜차,,,
aihub_train_00001195,차대이륜차,,,
aihub_train_00002128,차대이륜차,,,
aihub_train_00001073,차대이륜차,,,
aihub_train_00001271,차대이륜차,,,
aihub_train_00001083,차대이륜차,,,
aihub_train_00002189,차대이륜차,,,
aihub_train_00002224,차대이륜차,,,
aihub_train_00001234,차대이륜차,,,
aihub_train_00002625,차대이륜차,,,
aihub_train_00001948,차대이륜차,,,
aihub_train_00001620,차대이륜차,,,
aihub_train_00001259,차대이륜차,,,
aihub_train_00001999,차대이륜차,,,
aihub_train_00000811,차대이륜차,,,
aihub_train_00001371,차대이륜차,,,
aihub_train_00001078,차대이륜차,,,
aihub_train_00001233,차대이륜차,,,
aihub_train_00002464,차대이륜차,,,
aihub_train_00002243,차대이륜차,,,
aihub_train_00001324,차대이륜차,,,
aihub_train_00001392,차대이륜차,,,
aihub_train_00001089,차대이륜차,,,
aihub_train_00002130,차대이륜차,,,
aihub_train_00000892,차대이륜차,,,
aihub_train_00002487,차대이륜차,,,
aihub_train_00001568,차대이륜차,,,
aihub_train_00002449,차대이륜차,,,
aihub_train_00001222,차대이륜차,,,
aihub_train_00002349,차대이륜차,,,
aihub_train_00001849,차대이륜차,,,
aihub_train_00000879,차대이륜차,,,
aihub_train_00001127,차대이륜차,,,
aihub_train_00001567,차대이륜차,,,
aihub_train_00002390,차대이륜차,,,
aihub_train_00002548,차대이륜차,,,
aihub_train_00000919,차대이륜차,,,
aihub_train_00001487,차대이륜차,,,
aihub_train_00001029,차대이륜차,,,
aihub_train_00002046,차대이륜차,,,
aihub_train_00002475,차대이륜차,,,
aihub_train_00001996,차대이륜차,,,
aihub_train_00002029,차대이륜차,,,
aihub_train_00001230,차대이륜차,,,
aihub_train_00002125,차대이륜차,,,
aihub_train_00002581,차대이륜차,,,
aihub_train_00002651,차대이륜차,,,
aihub_train_00001267,차대이륜차,,,
aihub_train_00001512,차대이륜차,,,
aihub_train_00002653,차대이륜차,,,
aihub_train_00001296,차대이륜차,,,
aihub_train_00001046,차대이륜차,,,
aihub_train_00002639,차대이륜차,,,
aihub_train_00001507,차대이륜차,,,
aihub_train_00002347,차대이륜차,,,
aihub_train_00000829,차대이륜차,,,
aihub_train_00001664,차대이륜차,,,
aihub_train_00001819,차대이륜차,,,
aihub_train_00002181,차대이륜차,,,
aihub_train_00002055,차대이륜차,,,
aihub_train_00000994,차대이륜차,,,
aihub_train_00002296,차대이륜차,,,
aihub_train_00001363,차대이륜차,,,
aihub_train_00001662,차대이륜차,,,
aihub_train_00001690,차대이륜차,,,
aihub_train_00001807,차대이륜차,,,
aihub_train_00001390,차대이륜차,,,
aihub_train_00001058,차대이륜차,,,
aihub_train_00001185,차대이륜차,,,
aihub_train_00000973,차대이륜차,,,
aihub_train_00002149,차대이륜차,,,
aihub_train_00002529,차대이륜차,,,
aihub_train_00002605,차대이륜차,,,
aihub_train_00001824,차대이륜차,,,
aihub_train_00002225,차대이륜차,,,
aihub_train_00002545,차대이륜차,,,
aihub_train_00001936,차대이륜차,,,
aihub_train_00001589,차대이륜차,,,
aihub_train_00001647,차대이륜차,,,
aihub_train_00001963,차대이륜차,,,
aihub_train_00001865,차대이륜차,,,
aihub_train_00002122,차대이륜차,,,
aihub_train_00002442,차대이륜차,,,
aihub_train_00002499,차대이륜차,,,
aihub_train_00001582,차대이륜차,,,
aihub_train_00001747,차대이륜차,,,
aihub_train_00002500,차대이륜차,,,
aihub_train_00001486,차대이륜차,,,
aihub_train_00002201,차대이륜차,,,
aihub_train_00002584,차대이륜차,,,
aihub_train_00002021,차대이륜차,,,
aihub_train_00002678,차대이륜차,,,
aihub_train_00002382,차대이륜차,,,
aihub_train_00000942,차대이륜차,,,
aihub_train_00001789,차대이륜차,,,
aihub_train_00001071,차대이륜차,,,
aihub_train_00001061,차대이륜차,,,
aihub_train_00002456,차대이륜차,,,
aihub_train_00002467,차대이륜차,,,
aihub_train_00001091,차대이륜차,,,
aihub_train_00002255,차대이륜차,,,
aihub_train_00001219,차대이륜차,,,
aihub_train_00002664,차대이륜차,,,
aihub_train_00001713,차대이륜차,,,
aihub_train_00002162,차대이륜차,,,
aihub_train_00002424,차대이륜차,,,
aihub_train_00000889,차대이륜차,,,
aihub_train_00001787,차대이륜차,,,
aihub_train_00002648,차대이륜차,,,
aihub_train_00002421,차대이륜차,,,
aihub_train_00002037,차대이륜차,,,
aihub_train_00002518,차대이륜차,,,
aihub_train_00001909,차대이륜차,,,
aihub_train_00002498,차대이륜차,,,
aihub_train_00000884,차대이륜차,,,
aihub_train_00001981,차대이륜차,,,
aihub_train_00001294,차대이륜차,,,
aihub_train_00001654,차대이륜차,,,
aihub_train_00002063,차대이륜차,,,
aihub_train_00000790,차대이륜차,,,
aihub_train_00001777,차대이륜차,,,
aihub_train_00001019,차대이륜차,,,
aihub_train_00001049,차대이륜차,,,
aihub_train_00002550,차대이륜차,,,
aihub_train_00002344,차대이륜차,,,
aihub_train_00002391,차대이륜차,,,
aihub_train_00002228,차대이륜차,,,
aihub_train_00001491,차대이륜차,,,
aihub_train_00001707,차대이륜차,,,
aihub_train_00002363,차대이륜차,,,
aihub_train_00001526,차대이륜차,,,
aihub_train_00002563,차대이륜차,,,
aihub_train_00001889,차대이륜차,,,
aihub_train_00001956,차대이륜차,,,
aihub_train_00000797,차대이륜차,,,
aihub_train_00002562,차대이륜차,,,
aihub_train_00001601,차대이륜차,,,
aihub_train_00001139,차대이륜차,,,
aihub_train_00001564,차대이륜차,,,
aihub_train_00002109,차대이륜차,,,
aihub_train_00002059,차대이륜차,,,
aihub_train_00002598,차대이륜차,,,
aihub_train_00001563,차대이륜차,,,
aihub_train_00002430,차대이륜차,,,
aihub_train_00002235,차대이륜차,,,
aihub_train_00000927,차대이륜차,,,
aihub_train_00001515,차대이륜차,,,
aihub_train_00002327,차대이륜차,,,
aihub_train_00001179,차대이륜차,,,
aihub_train_00002052,차대이륜차,,,
aihub_train_00001711,차대이륜차,,,
aihub_train_00001721,차대이륜차,,,
aihub_train_00001209,차대이륜차,,,
aihub_train_00002372,차대이륜차,,,
aihub_train_00002011,차대이륜차,,,
aihub_train_00001221,차대이륜차,,,
aihub_train_00001770,차대이륜차,,,
aihub_train_00001556,차대이륜차,,,
aihub_train_00000934,차대이륜차,,,
aihub_train_00001200,차대이륜차,,,
aihub_train_00001220,차대이륜차,,,
aihub_train_00002669,차대이륜차,,,
aihub_train_00001587,차대이륜차,,,
aihub_train_00001099,차대이륜차,,,
aihub_train_00002359,차대이륜차,,,
aihub_train_00002069,차대이륜차,,,
aihub_train_00001092,차대이륜차,,,
aihub_train_00001860,차대이륜차,,,
aihub_train_00002223,차대이륜차,,,
aihub_train_00001597,차대이륜차,,,
aihub_train_00002271,차대이륜차,,,
aihub_train_00002135,차대이륜차,,,
aihub_train_00002202,차대이륜차,,,
aihub_train_00000848,차대이륜차,,,
aihub_train_00001037,차대이륜차,,,
aihub_train_00001295,차대이륜차,,,
aihub_train_00002057,차대이륜차,,,
aihub_train_00001273,차대이륜차,,,
aihub_train_00002501,차대이륜차,,,
aihub_train_00001625,차대이륜차,,,
aihub_train_00001785,차대이륜차,,,
aihub_train_00001501,차대이륜차,,,
aihub_train_00001728,차대이륜차,,,
aihub_train_00001173,차대이륜차,,,
aihub_train_00002081,차대이륜차,,,
aihub_train_00002626,차대이륜차,,,
aihub_train_00002619,차대이륜차,,,
aihub_train_00001517,차대이륜차,,,
aihub_train_00002428,차대이륜차,,,
aihub_train_00001467,차대이륜차,,,
aihub_train_00001949,차대이륜차,,,
aihub_train_00001056,차대이륜차,,,
aihub_train_00000959,차대이륜차,,,
aihub_train_00001566,차대이륜차,,,
aihub_train_00001904,차대이륜차,,,
aihub_train_00001248,차대이륜차,,,
aihub_train_00001320,차대이륜차,,,
aihub_train_00002147,차대이륜차,,,
aihub_train_00001454,차대이륜차,,,
aihub_train_00002289,차대이륜차,,,
aihub_train_00001730,차대이륜차,,,
aihub_train_00001927,차대이륜차,,,
aihub_train_00001533,차대이륜차,,,
aihub_train_00001494,차대이륜차,,,
aihub_train_00000970,차대이륜차,,,
aihub_train_00001064,차대이륜차,,,
aihub_train_00000801,차대이륜차,,,
aihub_train_00001863,차대이륜차,,,
aihub_train_00001740,차대이륜차,,,
aihub_train_00000902,차대이륜차,,,
aihub_train_00001915,차대이륜차,,,
aihub_train_00002334,차대이륜차,,,
aihub_train_00001746,차대이륜차,,,
aihub_train_00000943,차대이륜차,,,
aihub_train_00002668,차대이륜차,,,
aihub_train_00001846,차대이륜차,,,
aihub_train_00001718,차대이륜차,,,
aihub_train_00000809,차대이륜차,,,
aihub_train_00000900,차대이륜차,,,
aihub_train_00002199,차대이륜차,,,
aihub_train_00001359,차대이륜차,,,
aihub_train_00000870,차대이륜차,,,
aihub_train_00001748,차대이륜차,,,
aihub_train_00001445,차대이륜차,,,
aihub_train_00001117,차대이륜차,,,
aihub_train_00001438,차대이륜차,,,
aihub_train_00001129,차대이륜차,,,
aihub_train_00002336,차대이륜차,,,
aihub_train_00001976,차대이륜차,,,
aihub_train_00002546,차대이륜차,,,
aihub_train_00001794,차대이륜차,,,
aihub_train_00001917,차대이륜차,,,
aihub_train_00001562,차대이륜차,,,
aihub_train_00001245,차대이륜차,,,
aihub_train_00001163,차대이륜차,,,
aihub_train_00002616,차대이륜차,,,
aihub_train_00001525,차대이륜차,,,
aihub_train_00001627,차대이륜차,,,
aihub_train_00001790,차대이륜차,,,
aihub_train_00001852,차대이륜차,,,
aihub_train_00001302,차대이륜차,,,
aihub_train_00002386,차대이륜차,,,
aihub_train_00001881,차대이륜차,,,
aihub_train_00002239,차대이륜차,,,
aihub_train_00000851,차대이륜차,,,
aihub_train_00000955,차대이륜차,,,
aihub_train_00001190,차대이륜차,,,
aihub_train_00001743,차대이륜차,,,
aihub_train_00001010,차대이륜차,,,
aihub_train_00001125,차대이륜차,,,
aihub_train_00001960,차대이륜차,,,
aihub_train_00000765,차대이륜차,,,
aihub_train_00001203,차대이륜차,,,
aihub_train_00002188,차대이륜차,,,
aihub_train_00001814,차대이륜차,,,
aihub_train_00002572,차대이륜차,,,
aihub_train_00002207,차대이륜차,,,
aihub_train_00001291,차대이륜차,,,
aihub_train_00001411,차대이륜차,,,
aihub_train_00002637,차대이륜차,,,
aihub_train_00001312,차대이륜차,,,
aihub_train_00002490,차대이륜차,,,
aihub_train_00001275,차대이륜차,,,
aihub_train_00001472,차대이륜차,,,
aihub_train_00000828,차대이륜차,,,
aihub_train_00002399,차대이륜차,,,
aihub_train_00001401,차대이륜차,,,
aihub_train_00003441,차대자전거,,,
aihub_train_00003280,차대자전거,,,
aihub_train_00002898,차대자전거,,,
aihub_train_00002711,차대자전거,,,
aihub_train_00003079,차대자전거,,,
aihub_train_00003147,차대자전거,,,
aihub_train_00003527,차대자전거,,,
aihub_train_00002993,차대자전거,,,
aihub_train_00002771,차대자전거,,,
aihub_train_00003410,차대자전거,,,
aihub_train_00002836,차대자전거,,,
aihub_train_00003536,차대자전거,,,
aihub_train_00002877,차대자전거,,,
aihub_train_00003320,차대자전거,,,
aihub_train_00002706,차대자전거,,,
aihub_train_00002811,차대자전거,,,
aihub_train_00003015,차대자전거,,,
aihub_train_00002814,차대자전거,,,
aihub_train_00002755,차대자전거,,,
aihub_train_00003421,차대자전거,,,
aihub_train_00002983,차대자전거,,,
aihub_train_00003198,차대자전거,,,
aihub_train_00002702,차대자전거,,,
aihub_train_00003144,차대자전거,,,
aihub_train_00002946,차대자전거,,,
aihub_train_00003339,차대자전거,,,
aihub_train_00003356,차대자전거,,,
aihub_train_00003509,차대자전거,,,
aihub_train_00002962,차대자전거,,,
aihub_train_00002837,차대자전거,,,
aihub_train_00003508,차대자전거,,,
aihub_train_00003424,차대자전거,,,
aihub_train_00002968,차대자전거,,,
aihub_train_00003212,차대자전거,,,
aihub_train_00003449,차대자전거,,,
aihub_train_00002692,차대자전거,,,
aihub_train_00003017,차대자전거,,,
aihub_train_00003376,차대자전거,,,
aihub_train_00003525,차대자전거,,,
aihub_train_00003486,차대자전거,,,
aihub_train_00003274,차대자전거,,,
aihub_train_00003101,차대자전거,,,
aihub_train_00003135,차대자전거,,,
aihub_train_00003028,차대자전거,,,
aihub_train_00003325,차대자전거,,,
aihub_train_00003329,차대자전거,,,
aihub_train_00002823,차대자전거,,,
aihub_train_00002716,차대자전거,,,
aihub_train_00003108,차대자전거,,,
aihub_train_00002743,차대자전거,,,
aihub_train_00003403,차대자전거,,,
aihub_train_00003370,차대자전거,,,
aihub_train_00003181,차대자전거,,,
aihub_train_00003237,차대자전거,,,
aihub_train_00002756,차대자전거,,,
aihub_train_00002717,차대자전거,,,
aihub_train_00002826,차대자전거,,,
aihub_train_00003422,차대자전거,,,
aihub_train_00003415,차대자전거,,,
aihub_train_00003414,차대자전거,,,
aihub_train_00003223,차대자전거,,,
aihub_train_00002712,차대자전거,,,
aihub_train_00003131,차대자전거,,,
aihub_train_00003013,차대자전거,,,
aihub_train_00002803,차대자전거,,,
aihub_train_00002758,차대자전거,,,
aihub_train_00002933,차대자전거,,,
aihub_train_00003314,차대자전거,,,
aihub_train_00003005,차대자전거,,,
aihub_train_00002924,차대자전거,,,
aihub_train_00002804,차대자전거,,,
aihub_train_00003512,차대자전거,,,
aihub_train_00003524,차대자전거,,,
aihub_train_00003105,차대자전거,,,
aihub_train_00002992,차대자전거,,,
aihub_train_00003496,차대자전거,,,
aihub_train_00003023,차대자전거,,,
aihub_train_00002733,차대자전거,,,
aihub_train_00003011,차대자전거,,,
aihub_train_00003245,차대자전거,,,
aihub_train_00003324,차대자전거,,,
aihub_train_00003120,차대자전거,,,
aihub_train_00003091,차대자전거,,,
aihub_train_00003190,차대자전거,,,
aihub_train_00003472,차대자전거,,,
aihub_train_00003253,차대자전거,,,
aihub_train_00002779,차대자전거,,,
aihub_train_00003470,차대자전거,,,
aihub_train_00003393,차대자전거,,,
aihub_train_00003196,차대자전거,,,
aihub_train_00003189,차대자전거,,,
aihub_train_00002825,차대자전거,,,
aihub_train_00003372,차대자전거,,,
aihub_train_00002879,차대자전거,,,
aihub_train_00003545,차대자전거,,,
aihub_train_00002806,차대자전거,,,
aihub_train_00002780,차대자전거,,,
aihub_train_00002767,차대자전거,,,
aihub_train_00003419,차대자전거,,,
aihub_train_00002963,차대자전거,,,
aihub_train_00002881,차대자전거,,,
aihub_train_00003123,차대자전거,,,
aihub_train_00003279,차대자전거,,,
aihub_train_00003357,차대자전거,,,
aihub_train_00002956,차대자전거,,,
aihub_train_00002840,차대자전거,,,
aihub_train_00002967,차대자전거,,,
aihub_train_00003222,차대자전거,,,
aihub_train_00003499,차대자전거,,,
aihub_train_00002696,차대자전거,,,
aihub_train_00003416,차대자전거,,,
aihub_train_00002723,차대자전거,,,
aihub_train_00003317,차대자전거,,,
aihub_train_00002911,차대자전거,,,
aihub_train_00003431,차대자전거,,,
aihub_train_00003378,차대자전거,,,
aihub_train_00002972,차대자전거,,,
aihub_train_00003220,차대자전거,,,
aihub_train_00002719,차대자전거,,,
aihub_train_00003010,차대자전거,,,
aihub_train_00003323,차대자전거,,,
aihub_train_00003041,차대자전거,,,
aihub_train_00003413,차대자전거,,,
aihub_train_00003349,차대자전거,,,
aihub_train_00002788,차대자전거,,,
aihub_train_00003226,차대자전거,,,
aihub_train_00003068,차대자전거,,,
aihub_train_00003065,차대자전거,,,
aihub_train_00003461,차대자전거,,,
aihub_train_00003546,차대자전거,,,
aihub_train_00002720,차대자전거,,,
aihub_train_00003195,차대자전거,,,
aihub_train_00003035,차대자전거,,,
aihub_train_00003497,차대자전거,,,
aihub_train_00003492,차대자전거,,,
aihub_train_00003066,차대자전거,,,
aihub_train_00003345,차대자전거,,,
aihub_train_00003521,차대자전거,,,
aihub_train_00002700,차대자전거,,,
aihub_train_00003102,차대자전거,,,
aihub_train_00002748,차대자전거,,,
aihub_train_00002936,차대자전거,,,
aihub_train_00003024,차대자전거,,,
aihub_train_00003051,차대자전거,,,
aihub_train_00002982,차대자전거,,,
aihub_train_00003174,차대자전거,,,
aihub_train_00002798,차대자전거,,,
aihub_train_00002949,차대자전거,,,
aihub_train_00002796,차대자전거,,,
aihub_train_00003502,차대자전거,,,
aihub_train_00003027,차대자전거,,,
aihub_train_00003049,차대자전거,,,
aihub_train_00003371,차대자전거,,,
aihub_train_00002964,차대자전거,,,
aihub_train_00002987,차대자전거,,,
aihub_train_00003184,차대자전거,,,
aihub_train_00003457,차대자전거,,,
aihub_train_00002783,차대자전거,,,
aihub_train_00003039,차대자전거,,,
aihub_train_00003335,차대자전거,,,
aihub_train_00003440,차대자전거,,,
aihub_train_00002882,차대자전거,,,
aihub_train_00003303,차대자전거,,,
aihub_train_00003221,차대자전거,,,
aihub_train_00002765,차대자전거,,,
aihub_train_00003363,차대자전거,,,
aihub_train_00003306,차대자전거,,,
aihub_train_00002834,차대자전거,,,
aihub_train_00003154,차대자전거,,,
aihub_train_00002857,차대자전거,,,
aihub_train_00003216,차대자전거,,,
aihub_train_00003153,차대자전거,,,
aihub_train_00003535,차대자전거,,,
aihub_train_00003177,차대자전거,,,
aihub_train_00002800,차대자전거,,,
aihub_train_00003390,차대자전거,,,
aihub_train_00003073,차대자전거,,,
aihub_train_00003034,차대자전거,,,
aihub_train_00003033,차대자전거,,,
aihub_train_00003382,차대자전거,,,
aihub_train_00003134,차대자전거,,,
aihub_train_00003491,차대자전거,,,
aihub_train_00002728,차대자전거,,,
aihub_train_00002869,차대자전거,,,
aihub_train_00003140,차대자전거,,,
aihub_train_00003150,차대자전거,,,
aihub_train_00003202,차대자전거,,,
aihub_train_00003026,차대자전거,,,
aihub_train_00003439,차대자전거,,,
aihub_train_00002722,차대자전거,,,
aihub_train_00002902,차대자전거,,,
aihub_train_00002960,차대자전거,,,
aihub_train_00003465,차대자전거,,,
aihub_train_00002713,차대자전거,,,
aihub_train_00002930,차대자전거,,,
aihub_train_00003433,차대자전거,,,
aihub_train_00003224,차대자전거,,,
aihub_train_00003022,차대자전거,,,
aihub_train_00003305,차대자전거,,,
aihub_train_00003448,차대자전거,,,
aihub_train_00003473,차대자전거,,,
aihub_train_00002909,차대자전거,,,
aihub_train_00003341,차대자전거,,,
aihub_train_00003239,차대자전거,,,
aihub_train_00003155,차대자전거,,,
aihub_train_00002842,차대자전거,,,
aihub_train_00003084,차대자전거,,,
aihub_train_00003319,차대자전거,,,
aihub_train_00003362,차대자전거,,,
aihub_train_00003260,차대자전거,,,
aihub_train_00003442,차대자전거,,,
aihub_train_00003355,차대자전거,,,
aihub_train_00002827,차대자전거,,,
aihub_train_00002817,차대자전거,,,
aihub_train_00003072,차대자전거,,,
aihub_train_00003142,차대자전거,,,
aihub_train_00002721,차대자전거,,,
aihub_train_00002809,차대자전거,,,
aihub_train_00002932,차대자전거,,,
aihub_train_00002775,차대자전거,,,
aihub_train_00002785,차대자전거,,,
aihub_train_00003248,차대자전거,,,
aihub_train_00003104,차대자전거,,,
aihub_train_00003170,차대자전거,,,
aihub_train_00002718,차대자전거,,,
aihub_train_00003340,차대자전거,,,
aihub_train_00003219,차대자전거,,,
aihub_train_00003344,차대자전거,,,
aihub_train_00002899,차대자전거,,,
aihub_train_00003507,차대자전거,,,
aihub_train_00003050,차대자전거,,,
aihub_train_00003210,차대자전거,,,
aihub_train_00003133,차대자전거,,,
aihub_train_00003523,차대자전거,,,
aihub_train_00002872,차대자전거,,,
aihub_train_00002693,차대자전거,,,
aihub_train_00002791,차대자전거,,,
aihub_train_00003263,차대자전거,,,
aihub_train_00003331,차대자전거,,,
aihub_train_00003469,차대자전거,,,
aihub_train_00003127,차대자전거,,,
aihub_train_00003328,차대자전거,,,
aihub_train_00003148,차대자전거,,,
aihub_train_00003299,차대자전거,,,
aihub_train_00002699,차대자전거,,,
aihub_train_00002793,차대자전거,,,
aihub_train_00002802,차대자전거,,,
aihub_train_00003301,차대자전거,,,
aihub_train_00002961,차대자전거,,,
aihub_train_00003452,차대자전거,,,
aihub_train_00003128,차대자전거,,,
aihub_train_00002853,차대자전거,,,
aihub_train_00003460,차대자전거,,,
aihub_train_00003498,차대자전거,,,
aihub_train_00003418,차대자전거,,,
aihub_train_00003038,차대자전거,,,
aihub_train_00002910,차대자전거,,,
aihub_train_00003197,차대자전거,,,
aihub_train_00002773,차대자전거,,,
aihub_train_00002781,차대자전거,,,
aihub_train_00003436,차대자전거,,,
aihub_train_00003235,차대자전거,,,
aihub_train_00003338,차대자전거,,,
aihub_train_00003406,차대자전거,,,
aihub_train_00002703,차대자전거,,,
aihub_train_00003205,차대자전거,,,
aihub_train_00003004,차대자전거,,,
aihub_train_00003067,차대자전거,,,
aihub_train_00003295,차대자전거,,,
aihub_train_00003058,차대자전거,,,
aihub_train_00003298,차대자전거,,,
aihub_train_00003036,차대자전거,,,
aihub_train_00003367,차대자전거,,,
aihub_train_00002935,차대자전거,,,
aihub_train_00003520,차대자전거,,,
aihub_train_00003003,차대자전거,,,
aihub_train_00003112,차대자전거,,,
aihub_train_00002797,차대자전거,,,
aihub_train_00002925,차대자전거,,,
aihub_train_00003276,차대자전거,,,
aihub_train_00002851,차대자전거,,,
aihub_train_00002870,차대자전거,,,
aihub_train_00002764,차대자전거,,,
aihub_train_00003394,차대자전거,,,
aihub_train_00003504,차대자전거,,,
aihub_train_00003218,차대자전거,,,
aihub_train_00003168,차대자전거,,,
aihub_train_00002745,차대자전거,,,
aihub_train_00003095,차대자전거,,,
aihub_train_00003273,차대자전거,,,
aihub_train_00002868,차대자전거,,,
aihub_train_00002769,차대자전거,,,
aihub_train_00002948,차대자전거,,,
aihub_train_00002929,차대자전거,,,
aihub_train_00003318,차대자전거,,,
aihub_train_00002883,차대자전거,,,
aihub_train_00003489,차대자전거,,,
aihub_train_00003043,차대자전거,,,
aihub_train_00003053,차대자전거,,,
aihub_train_00002989,차대자전거,,,
aihub_train_00003137,차대자전거,,,
aihub_train_00002957,차대자전거,,,
aihub_train_00003385,차대자전거,,,
aihub_train_00002805,차대자전거,,,
aihub_train_00002824,차대자전거,,,
aihub_train_00002742,차대자전거,,,
aihub_train_00002697,차대자전거,,,
aihub_train_00003411,차대자전거,,,
aihub_train_00003420,차대자전거,,,
aihub_train_00002861,차대자전거,,,
aihub_train_00002896,차대자전거,,,
aihub_train_00003045,차대자전거,,,
aihub_train_00003537,차대자전거,,,
aihub_train_00003167,차대자전거,,,
aihub_train_00003130,차대자전거,,,
aihub_train_00002819,차대자전거,,,
aihub_train_00002747,차대자전거,,,
aihub_train_00003117,차대자전거,,,
aihub_train_00003069,차대자전거,,,
aihub_train_00003374,차대자전거,,,
aihub_train_00003493,차대자전거,,,
aihub_train_00002710,차대자전거,,,
aihub_train_00002970,차대자전거,,,
aihub_train_00002906,차대자전거,,,
aihub_train_00002951,차대자전거,,,
aihub_train_00003254,차대자전거,,,
aihub_train_00002897,차대자전거,,,
aihub_train_00002990,차대자전거,,,
aihub_train_00003062,차대자전거,,,
aihub_train_00003480,차대자전거,,,
aihub_train_00003138,차대자전거,,,
aihub_train_00003164,차대자전거,,,
aihub_train_00003471,차대자전거,,,
aihub_train_00003417,차대자전거,,,
aihub_train_00003156,차대자전거,,,
aihub_train_00002821,차대자전거,,,
aihub_train_00002815,차대자전거,,,
aihub_train_00003241,차대자전거,,,
aihub_train_00003055,차대자전거,,,
aihub_train_00003401,차대자전거,,,
aihub_train_00002947,차대자전거,,,
aihub_train_00003510,차대자전거,,,
aihub_train_00002727,차대자전거,,,
aihub_train_00003542,차대자전거,,,
aihub_train_00002916,차대자전거,,,
aihub_train_00002799,차대자전거,,,
aihub_train_00003289,차대자전거,,,
aihub_train_00003265,차대자전거,,,
aihub_train_00003270,차대자전거,,,
aihub_train_00002784,차대자전거,,,
aihub_train_00002971,차대자전거,,,
aihub_train_00002995,차대자전거,,,
aihub_train_00003116,차대자전거,,,
aihub_train_00002980,차대자전거,,,
aihub_train_00002750,차대자전거,,,
aihub_train_00002878,차대자전거,,,
aihub_train_00002893,차대자전거,,,
aihub_train_00003208,차대자전거,,,
aihub_train_00003227,차대자전거,,,
aihub_train_00003124,차대자전거,,,
aihub_train_00003291,차대자전거,,,
aihub_train_00002986,차대자전거,,,
aihub_train_00003183,차대자전거,,,
aihub_train_00003157,차대자전거,,,
aihub_train_00003064,차대자전거,,,
aihub_train_00003200,차대자전거,,,
aihub_train_00002855,차대자전거,,,
aihub_train_00003459,차대자전거,,,
aihub_train_00002782,차대자전거,,,
aihub_train_00002852,차대자전거,,,
aihub_train_00003351,차대자전거,,,
aihub_train_00002794,차대자전거,,,
aihub_train_00003047,차대자전거,,,
aihub_train_00003000,차대자전거,,,
aihub_train_00002856,차대자전거,,,
aihub_train_00003096,차대자전거,,,
aihub_train_00003145,차대자전거,,,
aihub_train_00003086,차대자전거,,,
aihub_train_00003025,차대자전거,,,
aihub_train_00003139,차대자전거,,,
aihub_train_00002863,차대자전거,,,
aihub_train_00002917,차대자전거,,,
aihub_train_00002860,차대자전거,,,
aihub_train_00003109,차대자전거,,,
aihub_train_00003009,차대자전거,,,
aihub_train_00002862,차대자전거,,,
aihub_train_00002894,차대자전거,,,
aihub_train_00003488,차대자전거,,,
aihub_train_00002847,차대자전거,,,
aihub_train_00003288,차대자전거,,,
aihub_train_00003506,차대자전거,,,
aihub_train_00002926,차대자전거,,,
aihub_train_00003271,차대자전거,,,
aihub_train_00003343,차대자전거,,,
aihub_train_00003193,차대자전거,,,
aihub_train_00003513,차대자전거,,,
aihub_train_00003332,차대자전거,,,
aihub_train_00003061,차대자전거,,,
aihub_train_00003395,차대자전거,,,
aihub_train_00002820,차대자전거,,,
aihub_train_00003146,차대자전거,,,
aihub_train_00002731,차대자전거,,,
aihub_train_00003092,차대자전거,,,
aihub_train_00002939,차대자전거,,,
aihub_train_00002845,차대자전거,,,
aihub_train_00002907,차대자전거,,,
aihub_train_00002833,차대자전거,,,
aihub_train_00003365,차대자전거,,,
aihub_train_00002777,차대자전거,,,
aihub_train_00003446,차대자전거,,,
aihub_train_00003501,차대자전거,,,
aihub_train_00002944,차대자전거,,,
aihub_train_00003106,차대자전거,,,
aihub_train_00003287,차대자전거,,,
aihub_train_00003481,차대자전거,,,
aihub_train_00002763,차대자전거,,,
aihub_train_00003111,차대자전거,,,
aihub_train_00003160,차대자전거,,,
aihub_train_00003042,차대자전거,,,
aihub_train_00002778,차대자전거,,,
aihub_train_00002958,차대자전거,,,
aihub_train_00002984,차대자전거,,,
aihub_train_00002816,차대자전거,,,
aihub_train_00002978,차대자전거,,,
aihub_train_00003063,차대자전거,,,
aihub_train_00003171,차대자전거,,,
aihub_train_00003211,차대자전거,,,
aihub_train_00002890,차대자전거,,,
aihub_train_00003462,차대자전거,,,
aihub_train_00003327,차대자전거,,,
aihub_train_00003277,차대자전거,,,
aihub_train_00002889,차대자전거,,,
aihub_train_00003213,차대자전거,,,
aihub_train_00003490,차대자전거,,,
aihub_train_00003214,차대자전거,,,
aihub_train_00003485,차대자전거,,,
aihub_train_00003429,차대자전거,,,
aihub_train_00003307,차대자전거,,,
aihub_train_00002873,차대자전거,,,
aihub_train_00003451,차대자전거,,,
aihub_train_00002705,차대자전거,,,
aihub_train_00003143,차대자전거,,,
aihub_train_00003334,차대자전거,,,
aihub_train_00002954,차대자전거,,,
aihub_train_00002976,차대자전거,,,
aihub_train_00002977,차대자전거,,,
aihub_train_00002921,차대자전거,,,
aihub_train_00002912,차대자전거,,,
aihub_train_00003400,차대자전거,,,
aihub_train_00002736,차대자전거,,,
aihub_train_00002759,차대자전거,,,
aihub_train_00003375,차대자전거,,,
aihub_train_00003514,차대자전거,,,
aihub_train_00003347,차대자전거,,,
aihub_train_00003435,차대자전거,,,
aihub_train_00002919,차대자전거,,,
aihub_train_00002849,차대자전거,,,
aihub_train_00002694,차대자전거,,,
aihub_train_00003330,차대자전거,,,
aihub_train_00003266,차대자전거,,,
aihub_train_00003516,차대자전거,,,
aihub_train_00002854,차대자전거,,,
aihub_train_00002891,차대자전거,,,
aihub_train_00003070,차대자전거,,,
aihub_train_00003161,차대자전거,,,
aihub_train_00003187,차대자전거,,,
aihub_train_00003185,차대자전거,,,
aihub_train_00003056,차대자전거,,,
aihub_train_00003336,차대자전거,,,
aihub_train_00003215,차대자전거,,,
aihub_train_00003388,차대자전거,,,
aihub_train_00002734,차대자전거,,,
aihub_train_00002729,차대자전거,,,
aihub_train_00003057,차대자전거,,,
aihub_train_00002818,차대자전거,,,
aihub_train_00003100,차대자전거,,,
aihub_train_00002843,차대자전거,,,
aihub_train_00003008,차대자전거,,,
aihub_train_00003087,차대자전거,,,
aihub_train_00003230,차대자전거,,,
aihub_train_00003358,차대자전거,,,
aihub_train_00003383,차대자전거,,,
aihub_train_00002991,차대자전거,,,
aihub_train_00003040,차대자전거,,,
aihub_train_00003243,차대자전거,,,
aihub_train_00002913,차대자전거,,,
aihub_train_00003430,차대자전거,,,
aihub_train_00003173,차대자전거,,,
aihub_train_00002975,차대자전거,,,
aihub_train_00003495,차대자전거,,,
aihub_train_00002808,차대자전거,,,
aihub_train_00003313,차대자전거,,,
aihub_train_00003398,차대자전거,,,
aihub_train_00003093,차대자전거,,,
aihub_train_00002831,차대자전거,,,
aihub_train_00003016,차대자전거,,,
aihub_train_00003360,차대자전거,,,
aihub_train_00002859,차대자전거,,,
aihub_train_00003088,차대자전거,,,
aihub_train_00003188,차대자전거,,,
aihub_train_00002895,차대자전거,,,
aihub_train_00002996,차대자전거,,,
aihub_train_00003180,차대자전거,,,
aihub_train_00003006,차대자전거,,,
aihub_train_00003530,차대자전거,,,
aihub_train_00003538,차대자전거,,,
aihub_train_00002866,차대자전거,,,
aihub_train_00002730,차대자전거,,,
aihub_train_00003487,차대자전거,,,
aihub_train_00002810,차대자전거,,,
aihub_train_00003322,차대자전거,,,
aihub_train_00003337,차대자전거,,,
aihub_train_00002746,차대자전거,,,
aihub_train_00003474,차대자전거,,,
aihub_train_00003204,차대자전거,,,
aihub_train_00003252,차대자전거,,,
aihub_train_00003302,차대자전거,,,
aihub_train_00003085,차대자전거,,,
aihub_train_00003232,차대자전거,,,
aihub_train_00003090,차대자전거,,,
aihub_train_00003259,차대자전거,,,
aihub_train_00002858,차대자전거,,,
aihub_train_00002998,차대자전거,,,
aihub_train_00002770,차대자전거,,,
aihub_train_00003099,차대자전거,,,
aihub_train_00003396,차대자전거,,,
aihub_train_00002904,차대자전거,,,
aihub_train_00003278,차대자전거,,,
aihub_train_00003014,차대자전거,,,
aihub_train_00003366,차대자전거,,,
aihub_train_00002725,차대자전거,,,
aihub_train_00002979,차대자전거,,,
aihub_train_00003294,차대자전거,,,
aihub_train_00002739,차대자전거,,,
aihub_train_00002969,차대자전거,,,
aihub_train_00003178,차대자전거,,,
aihub_train_00003359,차대자전거,,,
aihub_train_00003316,차대자전거,,,
aihub_train_00002735,차대자전거,,,
aihub_train_00002789,차대자전거,,,
aihub_train_00003031,차대자전거,,,
aihub_train_00003136,차대자전거,,,
aihub_train_00003312,차대자전거,,,
aihub_train_00002776,차대자전거,,,
aihub_train_00002867,차대자전거,,,
aihub_train_00003286,차대자전거,,,
aihub_train_00003444,차대자전거,,,
aihub_train_00003179,차대자전거,,,
aihub_train_00003373,차대자전거,,,
aihub_train_00003315,차대자전거,,,
aihub_train_00003250,차대자전거,,,
aihub_train_00002787,차대자전거,,,
aihub_train_00003468,차대자전거,,,
aihub_train_00003503,차대자전거,,,
aihub_train_00003397,차대자전거,,,
aihub_train_00002923,차대자전거,,,
aihub_train_00002941,차대자전거,,,
aihub_train_00003162,차대자전거,,,
aihub_train_00003107,차대자전거,,,
aihub_train_00003282,차대자전거,,,
aihub_train_00003483,차대자전거,,,
aihub_train_00003352,차대자전거,,,
aihub_train_00002965,차대자전거,,,
aihub_train_00003054,차대자전거,,,
aihub_train_00002950,차대자전거,,,
aihub_train_00003231,차대자전거,,,
aihub_train_00002888,차대자전거,,,
aihub_train_00003399,차대자전거,,,
aihub_train_00003408,차대자전거,,,
aihub_train_00003296,차대자전거,,,
aihub_train_00002790,차대자전거,,,
aihub_train_00002801,차대자전거,,,
aihub_train_00002875,차대자전거,,,
aihub_train_00003132,차대자전거,,,
aihub_train_00003206,차대자전거,,,
aihub_train_00003272,차대자전거,,,
aihub_train_00003540,차대자전거,,,
aihub_train_00003377,차대자전거,,,
aihub_train_00003425,차대자전거,,,
aihub_train_00003389,차대자전거,,,
aihub_train_00002709,차대자전거,,,
aihub_train_00002704,차대자전거,,,
aihub_train_00003113,차대자전거,,,
aihub_train_00003256,차대자전거,,,
aihub_train_00003515,차대자전거,,,
aihub_train_00003292,차대자전거,,,
aihub_train_00003326,차대자전거,,,
aihub_train_00003191,차대자전거,,,
aihub_train_00003186,차대자전거,,,
aihub_train_00003522,차대자전거,,,
aihub_train_00003074,차대자전거,,,
aihub_train_00003158,차대자전거,,,
aihub_train_00003209,차대자전거,,,
aihub_train_00003531,차대자전거,,,
aihub_train_00002701,차대자전거,,,
aihub_train_00002846,차대자전거,,,
aihub_train_00002761,차대자전거,,,
aihub_train_00002928,차대자전거,,,
aihub_train_00002832,차대자전거,,,
aihub_train_00003392,차대자전거,,,
aihub_train_00002698,차대자전거,,,
aihub_train_00003453,차대자전거,,,
aihub_train_00002768,차대자전거,,,
aihub_train_00003458,차대자전거,,,
aihub_train_00003228,차대자전거,,,
aihub_train_00002752,차대자전거,,,
aihub_train_00003247,차대자전거,,,
aihub_train_00003402,차대자전거,,,
aihub_train_00003308,차대자전거,,,
aihub_train_00003251,차대자전거,,,
aihub_train_00003443,차대자전거,,,
aihub_train_00002865,차대자전거,,,
aihub_train_00003052,차대자전거,,,
aihub_train_00002864,차대자전거,,,
aihub_train_00003475,차대자전거,,,
aihub_train_00003194,차대자전거,,,
aihub_train_00003192,차대자전거,,,
aihub_train_00002955,차대자전거,,,
aihub_train_00003037,차대자전거,,,
aihub_train_00003255,차대자전거,,,
aihub_train_00003203,차대자전거,,,
aihub_train_00002943,차대자전거,,,
aihub_train_00003275,차대자전거,,,
aihub_train_00003478,차대자전거,,,
aihub_train_00003477,차대자전거,,,
aihub_train_00003029,차대자전거,,,
aihub_train_00002892,차대자전거,,,
aihub_train_00002848,차대자전거,,,
aihub_train_00002994,차대자전거,,,
aihub_train_00003119,차대자전거,,,
aihub_train_00003285,차대자전거,,,
aihub_train_00003290,차대자전거,,,
aihub_train_00003258,차대자전거,,,
aihub_train_00003342,차대자전거,,,
aihub_train_00003464,차대자전거,,,
aihub_train_00002841,차대자전거,,,
aihub_train_00003482,차대자전거,,,
aihub_train_00003268,차대자전거,,,
aihub_train_00003534,차대자전거,,,
aihub_train_00003427,차대자전거,,,
aihub_train_00003012,차대자전거,,,
aihub_train_00003454,차대자전거,,,
aihub_train_00003384,차대자전거,,,
aihub_train_00003019,차대자전거,,,
aihub_train_00003172,차대자전거,,,
aihub_train_00002792,차대자전거,,,
aihub_train_00003346,차대자전거,,,
aihub_train_00003201,차대자전거,,,
aihub_train_00003217,차대자전거,,,
aihub_train_00003060,차대자전거,,,
aihub_train_00002959,차대자전거,,,
aihub_train_00003539,차대자전거,,,
aihub_train_00003059,차대자전거,,,
aihub_train_00003238,차대자전거,,,
aihub_train_00003169,차대자전거,,,
aihub_train_00003081,차대자전거,,,
aihub_train_00002981,차대자전거,,,
aihub_train_00003021,차대자전거,,,
aihub_train_00003257,차대자전거,,,
aihub_train_00002937,차대자전거,,,
aihub_train_00003098,차대자전거,,,
aihub_train_00002901,차대자전거,,,
aihub_train_00003310,차대자전거,,,
aihub_train_00003386,차대자전거,,,
aihub_train_00003364,차대자전거,,,
aihub_train_00002812,차대자전거,,,
aihub_train_00002886,차대자전거,,,
aihub_train_00002908,차대자전거,,,
aihub_train_00002707,차대자전거,,,
aihub_train_00003002,차대자전거,,,
aihub_train_00003032,차대자전거,,,
aihub_train_00002905,차대자전거,,,
aihub_train_00003182,차대자전거,,,
aihub_train_00003445,차대자전거,,,
aihub_train_00003543,차대자전거,,,
aihub_train_00003293,차대자전거,,,
aihub_train_00002884,차대자전거,,,
aihub_train_00003529,차대자전거,,,
aihub_train_00002732,차대자전거,,,
aihub_train_00003309,차대자전거,,,
aihub_train_00003311,차대자전거,,,
aihub_train_00003505,차대자전거,,,
aihub_train_00002966,차대자전거,,,
aihub_train_00002744,차대자전거,,,
aihub_train_00002887,차대자전거,,,
aihub_train_00003240,차대자전거,,,
aihub_train_00002786,차대자전거,,,
aihub_train_00003071,차대자전거,,,
aihub_train_00003152,차대자전거,,,
aihub_train_00002772,차대자전거,,,
aihub_train_00003354,차대자전거,,,
aihub_train_00003030,차대자전거,,,
aihub_train_00002900,차대자전거,,,
aihub_train_00002953,차대자전거,,,
aihub_train_00002940,차대자전거,,,
aihub_train_00003089,차대자전거,,,
aihub_train_00002829,차대자전거,,,
aihub_train_00003234,차대자전거,,,
aihub_train_00003423,차대자전거,,,
aihub_train_00003407,차대자전거,,,
aihub_train_00015056,차대차,,,
aihub_train_00010674,차대차,,,
aihub_train_00012829,차대차,,,
aihub_train_00006128,차대차,,,
aihub_train_00011109,차대차,,,
aihub_train_00010011,차대차,,,
aihub_train_00015172,차대차,,,
aihub_train_00013074,차대차,,,
aihub_train_00011119,차대차,,,
aihub_train_00011729,차대차,,,
aihub_train_00012466,차대차,,,
aihub_train_00005082,차대차,,,
aihub_train_00010584,차대차,,,
aihub_train_00011889,차대차,,,
aihub_train_00015429,차대차,,,
aihub_train_00003659,차대차,,,
aihub_train_00008769,차대차,,,
aihub_train_00013033,차대차,,,
aihub_train_00011351,차대차,,,
aihub_train_00004412,차대차,,,
aihub_train_00005552,차대차,,,
aihub_train_00015761,차대차,,,
aihub_train_00008276,차대차,,,
aihub_train_00009603,차대차,,,
aihub_train_00013453,차대차,,,
aihub_train_00005808,차대차,,,
aihub_train_00008247,차대차,,,
aihub_train_00012716,차대차,,,
aihub_train_00015633,차대차,,,
aihub_train_00006336,차대차,,,
aihub_train_00011563,차대차,,,
aihub_train_00006850,차대차,,,
aihub_train_00005832,차대차,,,
aihub_train_00015002,차대차,,,
aihub_train_00011195,차대차,,,
aihub_train_00006639,차대차,,,
aihub_train_00005995,차대차,,,
aihub_train_00006097,차대차,,,
aihub_train_00006600,차대차,,,
aihub_train_00006594,차대차,,,
aihub_train_00014735,차대차,,,
aihub_train_00010655,차대차,,,
aihub_train_00013980,차대차,,,
aihub_train_00003556,차대차,,,
aihub_train_00004880,차대차,,,
aihub_train_00012340,차대차,,,
aihub_train_00006054,차대차,,,
aihub_train_00010775,차대차,,,
aihub_train_00008592,차대차,,,
aihub_train_00011247,차대차,,,
aihub_train_00009794,차대차,,,
aihub_train_00009490,차대차,,,
aihub_train_00013770,차대차,,,
aihub_train_00013040,차대차,,,
aihub_train_00006107,차대차,,,
aihub_train_00007872,차대차,,,
aihub_train_00010042,차대차,,,
aihub_train_00014900,차대차,,,
aihub_train_00009975,차대차,,,
aihub_train_00005207,차대차,,,
aihub_train_00004863,차대차,,,
aihub_train_00010238,차대차,,,
aihub_train_00004755,차대차,,,
aihub_train_00007570,차대차,,,
aihub_train_00013883,차대차,,,
aihub_train_00011440,차대차,,,
aihub_train_00007615,차대차,,,
aihub_train_00014127,차대차,,,
aihub_train_00004699,차대차,,,
aihub_train_00004483,차대차,,,
aihub_train_00013561,차대차,,,
aihub_train_00015451,차대차,,,
aihub_train_00010712,차대차,,,
aihub_train_00012526,차대차,,,
aihub_train_00011647,차대차,,,
aihub_train_00015371,차대차,,,
aihub_train_00011951,차대차,,,
aihub_train_00004174,차대차,,,
aihub_train_00005827,차대차,,,
aihub_train_00007405,차대차,,,
aihub_train_00013853,차대차,,,
aihub_train_00005658,차대차,,,
aihub_train_00011080,차대차,,,
aihub_train_00004505,차대차,,,
aihub_train_00008175,차대차,,,
aihub_train_00007451,차대차,,,
aihub_train_00013702,차대차,,,
aihub_train_00006588,차대차,,,
aihub_train_00010706,차대차,,,
aihub_train_00007239,차대차,,,
aihub_train_00009570,차대차,,,
aihub_train_00012447,차대차,,,
aihub_train_00013412,차대차,,,
aihub_train_00009554,차대차,,,
aihub_train_00013682,차대차,,,
aihub_train_00005981,차대차,,,
aihub_train_00012197,차대차,,,
aihub_train_00007030,차대차,,,
aihub_train_00004036,차대차,,,
aihub_train_00013217,차대차,,,
aihub_train_00005055,차대차,,,
aihub_train_00014184,차대차,,,
aihub_train_00009960,차대차,,,
aihub_train_00011039,차대차,,,
aihub_train_00010066,차대차,,,
aihub_train_00003656,차대차,,,
aihub_train_00006442,차대차,,,
aihub_train_00011479,차대차,,,
aihub_train_00007524,차대차,,,
aihub_train_00004697,차대차,,,
aihub_train_00013132,차대차,,,
aihub_train_00008494,차대차,,,
aihub_train_00006774,차대차,,,
aihub_train_00011694,차대차,,,
aihub_train_00005008,차대차,,,
aihub_train_00015105,차대차,,,
aihub_train_00005135,차대차,,,
aihub_train_00003880,차대차,,,
aihub_train_00012369,차대차,,,
aihub_train_00004743,차대차,,,
aihub_train_00011356,차대차,,,
aihub_train_00004855,차대차,,,
aihub_train_00015637,차대차,,,
aihub_train_00011150,차대차,,,
aihub_train_00005203,차대차,,,
aihub_train_00005999,차대차,,,
aihub_train_00006990,차대차,,,
aihub_train_00009387,차대차,,,
aihub_train_00011340,차대차,,,
aihub_train_00008049,차대차,,,
aihub_train_00014879,차대차,,,
aihub_train_00009687,차대차,,,
aihub_train_00006552,차대차,,,
aihub_train_00008945,차대차,,,
aihub_train_00005418,차대차,,,
aihub_train_00010410,차대차,,,
aihub_train_00007994,차대차,,,
aihub_train_00004492,차대차,,,
aihub_train_00005212,차대차,,,
aihub_train_00005560,차대차,,,
aihub_train_00015247,차대차,,,
aihub_train_00014738,차대차,,,
aihub_train_00008728,차대차,,,
aihub_train_00014252,차대차,,,
aihub_train_00005766,차대차,,,
aihub_train_00012450,차대차,,,
aihub_train_00009630,차대차,,,
aihub_train_00004157,차대차,,,
aihub_train_00014929,차대차,,,
aihub_train_00014428,차대차,,,
aihub_train_00004481,차대차,,,
aihub_train_00013121,차대차,,,
aihub_train_00009293,차대차,,,
aihub_train_00008310,차대차,,,
aihub_train_00015510,차대차,,,
aihub_train_00008009,차대차,,,
aihub_train_00011317,차대차,,,
aihub_train_00015257,차대차,,,
aihub_train_00011469,차대차,,,
aihub_train_00014540,차대차,,,
aihub_train_00014927,차대차,,,
aihub_train_00011504,차대차,,,
aihub_train_00012504,차대차,,,
aihub_train_00007647,차대차,,,
aihub_train_00004385,차대차,,,
aihub_train_00006370,차대차,,,
aihub_train_00012892,차대차,,,
aihub_train_00014674,차대차,,,
aihub_train_00008179,차대차,,,
aihub_train_00008523,차대차,,,
aihub_train_00004427,차대차,,,
aihub_train_00012206,차대차,,,
aihub_train_00006286,차대차,,,
aihub_train_00010551,차대차,,,
aihub_train_00007005,차대차,,,
aihub_train_00007327,차대차,,,
aihub_train_00007530,차대차,,,
aihub_train_00007104,차대차,,,
aihub_train_00004461,차대차,,,
aihub_train_00012544,차대차,,,
aihub_train_00011736,차대차,,,
aihub_train_00014477,차대차,,,
aihub_train_00012325,차대차,,,
aihub_train_00004394,차대차,,,
aihub_train_00008566,차대차,,,
aihub_train_00013621,차대차,,,
aihub_train_00013312,차대차,,,
aihub_train_00010568,차대차,,,
aihub_train_00013030,차대차,,,
aihub_train_00004965,차대차,,,
aihub_train_00005835,차대차,,,
aihub_train_00008102,차대차,,,
aihub_train_00008543,차대차,,,
aihub_train_00015710,차대차,,,
aihub_train_00014689,차대차,,,
aihub_train_00009495,차대차,,,
aihub_train_00009902,차대차,,,
aihub_train_00010419,차대차,,,
aihub_train_00003926,차대차,,,
aihub_train_00013769,차대차,,,
aihub_train_00005260,차대차,,,
aihub_train_00007491,차대차,,,
aihub_train_00007550,차대차,,,
aihub_train_00006228,차대차,,,
aihub_train_00008047,차대차,,,
aihub_train_00015322,차대차,,,
aihub_train_00010935,차대차,,,
aihub_train_00004485,차대차,,,
aihub_train_00003949,차대차,,,
aihub_train_00006742,차대차,,,
aihub_train_00014899,차대차,,,
aihub_train_00013604,차대차,,,
aihub_train_00015266,차대차,,,
aihub_train_00014521,차대차,,,
aihub_train_00014873,차대차,,,
aihub_train_00011864,차대차,,,
aihub_train_00015807,차대차,,,
aihub_train_00012503,차대차,,,
aihub_train_00012799,차대차,,,
aihub_train_00011185,차대차,,,
aihub_train_00007966,차대차,,,
aihub_train_00008724,차대차,,,
aihub_train_00014059,차대차,,,
aihub_train_00012894,차대차,,,
aihub_train_00013551,차대차,,,
aihub_train_00005670,차대차,,,
aihub_train_00009295,차대차,,,
aihub_train_00014049,차대차,,,
aihub_train_00009151,차대차,,,
aihub_train_00011303,차대차,,,
aihub_train_00005824,차대차,,,
aihub_train_00014886,차대차,,,
aihub_train_00005359,차대차,,,
aihub_train_00007482,차대차,,,
aihub_train_00011492,차대차,,,
aihub_train_00005585,차대차,,,
aihub_train_00007938,차대차,,,
aihub_train_00013221,차대차,,,
aihub_train_00010577,차대차,,,
aihub_train_00013782,차대차,,,
aihub_train_00011223,차대차,,,
aihub_train_00009262,차대차,,,
aihub_train_00014145,차대차,,,
aihub_train_00006978,차대차,,,
aihub_train_00009994,차대차,,,
aihub_train_00007347,차대차,,,
aihub_train_00007867,차대차,,,
aihub_train_00013950,차대차,,,
aihub_train_00007348,차대차,,,
aihub_train_00006417,차대차,,,
aihub_train_00010723,차대차,,,
aihub_train_00005700,차대차,,,
aihub_train_00007728,차대차,,,
aihub_train_00010145,차대차,,,
aihub_train_00014816,차대차,,,
aihub_train_00010993,차대차,,,
aihub_train_00005492,차대차,,,
aihub_train_00015661,차대차,,,
aihub_train_00005559,차대차,,,
aihub_train_00014849,차대차,,,
aihub_train_00015772,차대차,,,
aihub_train_00015675,차대차,,,
aihub_train_00006179,차대차,,,
aihub_train_00005932,차대차,,,
aihub_train_00015201,차대차,,,
aihub_train_00007246,차대차,,,
aihub_train_00008221,차대차,,,
aihub_train_00006275,차대차,,,
aihub_train_00014043,차대차,,,
aihub_train_00009297,차대차,,,
aihub_train_00013008,차대차,,,
aihub_train_00011993,차대차,,,
aihub_train_00005459,차대차,,,
aihub_train_00003687,차대차,,,
aihub_train_00013178,차대차,,,
aihub_train_00008280,차대차,,,
aihub_train_00005755,차대차,,,
aihub_train_00011723,차대차,,,
aihub_train_00004946,차대차,,,
aihub_train_00005515,차대차,,,
aihub_train_00014741,차대차,,,
aihub_train_00007834,차대차,,,
aihub_train_00006177,차대차,,,
aihub_train_00009307,차대차,,,
aihub_train_00005761,차대차,,,
aihub_train_00014253,차대차,,,
aihub_train_00003999,차대차,,,
aihub_train_00013731,차대차,,,
aihub_train_00014078,차대차,,,
aihub_train_00015653,차대차,,,
aihub_train_00006014,차대차,,,
aihub_train_00006355,차대차,,,
aihub_train_00009199,차대차,,,
aihub_train_00008590,차대차,,,
aihub_train_00014454,차대차,,,
aihub_train_00012343,차대차,,,
aihub_train_00012713,차대차,,,
aihub_train_00003843,차대차,,,
aihub_train_00013333,차대차,,,
aihub_train_00014690,차대차,,,
aihub_train_00013941,차대차,,,
aihub_train_00005398,차대차,,,
aihub_train_00005963,차대차,,,
aihub_train_00005543,차대차,,,
aihub_train_00007776,차대차,,,
aihub_train_00014758,차대차,,,
aihub_train_00007123,차대차,,,
aihub_train_00008396,차대차,,,
aihub_train_00009616,차대차,,,
aihub_train_00013779,차대차,,,
aihub_train_00011849,차대차,,,
aihub_train_00008671,차대차,,,
aihub_train_00014228,차대차,,,
aihub_train_00005235,차대차,,,
aihub_train_00007379,차대차,,,
